software,version,date,time,output_file,data_file,file_path,study_name,model_number,subgroup,model_type,subject_count,wave_count,datapoint_count,parameter_count,ll,aic,bic,adj_bic,aaic,has_converged,trust_all,mistrust,covar_covered,ab_tau_00_est,ab_tau_00_se,ab_tau_00_wald,ab_tau_00_pval,ab_tau_11_est,ab_tau_11_se,ab_tau_11_wald,ab_tau_11_pval,ab_tau_01_est,ab_tau_01_se,ab_tau_01_wald,ab_tau_01_pval,ab_tau_10_est,ab_tau_10_se,ab_tau_10_wald,ab_tau_10_pval,ab_sigma_00_est,ab_sigma_00_se,ab_sigma_00_wald,ab_sigma_00_pval,aa_tau_00_est,aa_tau_00_se,aa_tau_00_wald,aa_tau_00_pval,aa_tau_11_est,aa_tau_11_se,aa_tau_11_wald,aa_tau_11_pval,aa_tau_01_est,aa_tau_01_se,aa_tau_01_wald,aa_tau_01_pval,a_sigma_00_est,a_sigma_00_se,a_sigma_00_wald,a_sigma_00_pval,bb_tau_00_est,bb_tau_00_se,bb_tau_00_wald,bb_tau_00_pval,bb_tau_11_est,bb_tau_11_se,bb_tau_11_wald,bb_tau_11_pval,bb_tau_10_est,bb_tau_10_se,bb_tau_10_wald,bb_tau_10_pval,b_sigma_00_est,b_sigma_00_se,b_sigma_00_wald,b_sigma_00_pval,a_gamma_00_est,a_gamma_00_se,a_gamma_00_wald,a_gamma_00_pval,a_gamma_10_est,a_gamma_10_se,a_gamma_10_wald,a_gamma_10_pval,b_gamma_00_est,b_gamma_00_se,b_gamma_00_wald,b_gamma_00_pval,b_gamma_10_est,b_gamma_10_se,b_gamma_10_wald,b_gamma_10_pval,er_tau_00_est,er_tau_00_se,er_tau_00_wald,er_tau_00_pval,er_tau_11_est,er_tau_11_se,er_tau_11_wald,er_tau_11_pval,er_sigma_00_est,er_sigma_00_se,er_sigma_00_wald,er_sigma_00_pval,a_gamma_01_est,a_gamma_01_se,a_gamma_01_wald,a_gamma_01_pval,a_gamma_11_est,a_gamma_11_se,a_gamma_11_wald,a_gamma_11_pval,b_gamma_01_est,b_gamma_01_se,b_gamma_01_wald,b_gamma_01_pval,b_gamma_11_est,b_gamma_11_se,b_gamma_11_wald,b_gamma_11_pval,a_gamma_02_est,a_gamma_02_se,a_gamma_02_wald,a_gamma_02_pval,a_gamma_12_est,a_gamma_12_se,a_gamma_12_wald,a_gamma_12_pval,b_gamma_02_est,b_gamma_02_se,b_gamma_02_wald,b_gamma_02_pval,b_gamma_12_est,b_gamma_12_se,b_gamma_12_wald,b_gamma_12_pval,a_gamma_03_est,a_gamma_03_se,a_gamma_03_wald,a_gamma_03_pval,a_gamma_13_est,a_gamma_13_se,a_gamma_13_wald,a_gamma_13_pval,b_gamma_03_est,b_gamma_03_se,b_gamma_03_wald,b_gamma_03_pval,b_gamma_13_est,b_gamma_13_se,b_gamma_13_wald,b_gamma_13_pval,a_gamma_04_est,a_gamma_04_se,a_gamma_04_wald,a_gamma_04_pval,a_gamma_14_est,a_gamma_14_se,a_gamma_14_wald,a_gamma_14_pval,b_gamma_04_est,b_gamma_04_se,b_gamma_04_wald,b_gamma_04_pval,b_gamma_14_est,b_gamma_14_se,b_gamma_14_wald,b_gamma_14_pval,a_gamma_05_est,a_gamma_05_se,a_gamma_05_wald,a_gamma_05_pval,a_gamma_15_est,a_gamma_15_se,a_gamma_15_wald,a_gamma_15_pval,b_gamma_05_est,b_gamma_05_se,b_gamma_05_wald,b_gamma_05_pval,b_gamma_15_est,b_gamma_15_se,b_gamma_15_wald,b_gamma_15_pval,a_gamma_06_est,a_gamma_06_se,a_gamma_06_wald,a_gamma_06_pval,a_gamma_16_est,a_gamma_16_se,a_gamma_16_wald,a_gamma_16_pval,b_gamma_06_est,b_gamma_06_se,b_gamma_06_wald,b_gamma_06_pval,b_gamma_16_est,b_gamma_16_se,b_gamma_16_wald,b_gamma_16_pval,process_a,process_b,process_b_cell,process_b_row,process_b_domain
Mplus VERSION 7.3,0.1,10/23/2015, 8:59 PM,b1_female_aehplus_grip_gait.out, C:\Users\Andrea Zammit\Desktop\EASMaster.csv,C:/Users/koval_000/Documents/GitHub/IALSA-2015-Portland/studies/eas/physical/b1_female_aehplus_grip_gait.out,eas,b1,female,aehplus,147,7,NA,41,-2650.266,5382.533,5505.14,5375.394,5415.333,TRUE,TRUE,NA,0,16.312,16.924,0.964,0.335,0.458,0.736,0.622,0.534,-1.652,5.535,-0.298,0.765,-0.848,3.733,-0.227,0.82,0.513,1.836,0.279,0.78,25.144,5.3,4.744,0.0,0.227,0.235,0.965,0.334,-1.385,1.158,-1.195,0.232,5.794,0.52,11.144,0,343.992,79.398,4.332,0.0,6.366,3.898,1.633,0.102,-13.23,17.909,-0.739,0.46,60.523,8.032,7.536,0.0,18.506,1.606,11.525,0.0,-2.288,0.471,-4.858,0.0,109.586,8.227,13.32,0.0,-3.186,2.55,-1.25,0.211,0.175,0.174,1.007,0.314,0.381,0.497,0.767,0.443,0.027,0.098,0.279,0.781,0.069,0.127,0.54,0.589,-0.066,0.031,-2.129,0.033,-1.509,0.47,-3.214,0.001,-0.069,0.129,-0.531,0.595,-0.136,0.161,-0.846,0.398,0.097,0.044,2.177,0.029,0.294,0.862,0.342,0.733,0.111,0.286,0.388,0.698,0.217,0.074,2.919,0.004,-0.011,0.023,-0.496,0.62,0.054,0.334,0.163,0.871,0.058,0.08,0.72,0.471,0.972,0.881,1.104,0.27,-0.018,0.335,-0.055,0.956,3.153,4.094,0.77,0.441,-0.328,1.297,-0.253,0.801,0.289,2.463,0.117,0.907,0.289,0.591,0.489,0.625,-4.264,6.99,-0.61,0.542,-0.152,1.946,-0.078,0.938,-2.253,1.596,-1.412,0.158,0.253,0.324,0.779,0.436,-18.341,5.85,-3.135,0.002,0.503,2.236,0.225,0.822,grip,gait,gait,gait,gait
Mplus VERSION 7.3,0.1,10/23/2015, 8:57 PM,b1_female_aehplus_pef_gait.out, C:\Users\Andrea Zammit\Desktop\EASMaster.csv,C:/Users/koval_000/Documents/GitHub/IALSA-2015-Portland/studies/eas/physical/b1_female_aehplus_pef_gait.out,eas,b1,female,aehplus,150,7,NA,41,-3904.164,7890.329,8013.765,7884.008,7922.21788888889,TRUE,TRUE,NA,0,67.249,237.187,0.284,0.777,-10.977,12.316,-0.891,0.373,34.961,79.02,0.442,0.658,12.408,61.324,0.202,0.84,29.782,37.796,0.788,0.431,4732.247,1131.196,4.183,0.0,58.234,43.967,1.324,0.185,-351.798,181.859,-1.934,0.053,1650.988,113.817,14.506,0,347.818,88.894,3.913,0.0,6.743,3.847,1.753,0.08,-15.133,19.842,-0.763,0.446,60.035,6.895,8.708,0.0,345.141,25.008,13.801,0.0,-28.946,7.621,-3.798,0.0,110.615,8.319,13.297,0.0,-3.648,2.378,-1.534,0.125,0.052,0.187,0.28,0.78,-0.554,0.518,-1.069,0.285,0.095,0.121,0.779,0.436,-4.331,1.669,-2.595,0.009,0.204,0.488,0.418,0.676,-1.563,0.481,-3.252,0.001,-0.04,0.123,-0.325,0.745,-2.119,2.548,-0.832,0.406,0.717,0.875,0.819,0.413,0.314,0.84,0.373,0.709,0.12,0.291,0.414,0.679,0.412,1.27,0.324,0.746,0.62,0.315,1.971,0.049,0.041,0.33,0.125,0.901,0.068,0.082,0.824,0.41,-0.643,15.263,-0.042,0.966,1.946,3.775,0.516,0.606,2.986,4.444,0.672,0.502,-0.314,1.312,-0.239,0.811,-22.742,25.252,-0.901,0.368,3.15,8.633,0.365,0.715,-5.175,6.845,-0.756,0.45,0.105,2.051,0.051,0.959,-25.57,25.344,-1.009,0.313,-0.945,7.942,-0.119,0.905,-18.824,6.257,-3.009,0.003,0.51,2.039,0.25,0.802,pef,gait,gait,gait,gait
Mplus VERSION 7.3,0.1,10/23/2015, 8:58 PM,b1_male_aehplus_grip_gait.out, C:\Users\Andrea Zammit\Desktop\EASMaster.csv,C:/Users/koval_000/Documents/GitHub/IALSA-2015-Portland/studies/eas/physical/b1_male_aehplus_grip_gait.out,eas,b1,male,aehplus,72,7,NA,41,-1553.147,3188.293,3281.637,3152.46,3303.093,TRUE,TRUE,NA,0,23.893,37.413,0.639,0.523,0.183,2.276,0.08,0.936,1.102,12.825,0.086,0.932,-4.566,13.922,-0.328,0.743,7.758,10.595,0.732,0.464,26.838,16.359,1.641,0.101,0.727,1.2,0.606,0.545,-2.274,3.722,-0.611,0.541,17.304,4.728,3.66,0,213.712,102.287,2.089,0.037,0.773,7.95,0.097,0.922,-0.004,19.875,0.0,1.0,75.384,31.902,2.363,0.018,33.773,7.418,4.553,0.0,-2.419,2.717,-0.89,0.373,105.428,15.429,6.833,0.0,-1.237,5.304,-0.233,0.816,0.315,0.45,0.701,0.483,0.244,2.858,0.085,0.932,0.215,0.251,0.856,0.392,-0.547,0.326,-1.675,0.094,-0.033,0.134,-0.244,0.807,-0.538,0.61,-0.882,0.378,-0.086,0.318,-0.269,0.788,-0.256,0.485,-0.528,0.597,0.023,0.153,0.151,0.88,0.691,1.15,0.6,0.548,-0.279,0.255,-1.096,0.273,0.211,0.236,0.894,0.372,0.002,0.096,0.019,0.985,0.08,0.452,0.177,0.859,0.015,0.211,0.072,0.942,-0.225,3.3,-0.068,0.946,0.446,0.892,0.5,0.617,-0.781,8.006,-0.098,0.922,0.664,2.715,0.244,0.807,-0.357,3.204,-0.112,0.911,0.768,1.46,0.526,0.599,-2.562,12.211,-0.21,0.834,0.421,4.09,0.103,0.918,-0.394,3.7,-0.106,0.915,-0.475,1.827,-0.26,0.795,-4.713,8.79,-0.536,0.592,0.04,3.263,0.012,0.99,grip,gait,gait,gait,gait
Mplus VERSION 7.3,0.1,10/23/2015, 8:56 PM,b1_male_aehplus_pef_gait.out, C:\Users\Andrea Zammit\Desktop\EASMaster.csv,C:/Users/koval_000/Documents/GitHub/IALSA-2015-Portland/studies/eas/physical/b1_male_aehplus_pef_gait.out,eas,b1,male,aehplus,72,7,NA,41,-2230.932,4543.865,4637.208,4508.031,4658.665,TRUE,TRUE,NA,0,-64.304,734.651,-0.088,0.93,-7.977,29.04,-0.275,0.784,95.977,206.828,0.464,0.643,132.466,214.96,0.616,0.538,101.376,125.951,0.805,0.421,12233.078,6432.015,1.902,0.057,269.587,447.928,0.602,0.547,-826.294,1495.314,-0.553,0.581,4251.435,862.689,4.928,0,227.467,127.337,1.786,0.074,1.174,5.372,0.219,0.827,-3.425,33.864,-0.101,0.919,73.708,17.692,4.166,0.0,404.363,113.724,3.556,0.0,-26.812,52.661,-0.509,0.611,106.478,14.512,7.337,0.0,-2.07,6.16,-0.336,0.737,-0.039,0.445,-0.087,0.931,-0.448,1.856,-0.242,0.809,0.181,0.214,0.846,0.397,-4.751,5.542,-0.857,0.391,0.216,2.182,0.099,0.921,-0.471,0.579,-0.814,0.416,-0.079,0.287,-0.275,0.783,4.514,8.769,0.515,0.607,0.722,2.542,0.284,0.776,0.668,1.059,0.631,0.528,-0.272,0.417,-0.652,0.514,3.32,4.375,0.759,0.448,-0.238,1.714,-0.139,0.889,0.046,0.463,0.098,0.922,0.046,0.214,0.215,0.829,-23.83,86.978,-0.274,0.784,0.189,25.479,0.007,0.994,-1.452,7.025,-0.207,0.836,0.954,3.055,0.312,0.755,-19.671,74.056,-0.266,0.791,-4.611,38.424,-0.12,0.904,-2.652,13.6,-0.195,0.845,0.346,5.893,0.059,0.953,-15.87,79.074,-0.201,0.841,-0.503,32.216,-0.016,0.988,-4.942,11.152,-0.443,0.658,-0.108,4.812,-0.023,0.982,pef,gait,gait,gait,gait
Mplus VERSION 7.3,0.1,10/23/2015, 8:44 PM,b1_female_aehplus_pef_grip.out, C:\Users\Andrea Zammit\Desktop\EASMaster.csv,C:/Users/koval_000/Documents/GitHub/IALSA-2015-Portland/studies/eas/physical/corrected/b1_female_aehplus_pef_grip.out,eas,b1,female,aehplus,150,7,NA,41,-3582.644,7247.288,7370.724,7240.967,7279.17688888889,TRUE,TRUE,NA,0,98.729,59.716,1.653,0.098,0.125,2.955,0.042,0.966,-2.634,15.31,-0.172,0.863,-4.816,23.084,-0.209,0.835,11.154,9.827,1.135,0.256,4698.589,1151.563,4.08,0.0,59.969,45.733,1.311,0.19,-343.081,186.704,-1.838,0.066,1642.537,106.77,15.384,0,24.958,5.372,4.646,0.0,0.229,0.226,1.016,0.31,-1.33,1.223,-1.088,0.277,5.779,0.525,11.017,0.0,342.903,26.266,13.055,0.0,-27.84,7.342,-3.792,0.0,18.655,1.643,11.352,0.0,-2.317,0.496,-4.668,0.0,0.288,0.149,1.932,0.053,0.034,0.802,0.042,0.966,0.114,0.101,1.136,0.256,-4.276,2.005,-2.132,0.033,0.187,0.554,0.337,0.736,0.065,0.123,0.531,0.596,-0.064,0.033,-1.967,0.049,-1.858,2.906,-0.64,0.522,0.554,0.846,0.655,0.512,-0.155,0.157,-0.984,0.325,0.098,0.046,2.119,0.034,0.397,1.28,0.31,0.757,0.635,0.373,1.7,0.089,0.215,0.076,2.84,0.005,-0.01,0.018,-0.584,0.559,-0.583,17.413,-0.033,0.973,1.959,4.373,0.448,0.654,0.962,1.11,0.866,0.386,-0.02,0.321,-0.063,0.949,-22.733,27.296,-0.833,0.405,3.031,10.011,0.303,0.762,0.088,2.728,0.032,0.974,0.294,0.614,0.479,0.632,-25.819,24.755,-1.043,0.297,-0.659,8.734,-0.075,0.94,-2.274,1.676,-1.357,0.175,0.214,0.338,0.633,0.527,pef,grip,grip,grip,grip
Mplus VERSION 7.3,0.1,10/23/2015, 8:53 PM,b1_male_aehplus_pef_grip.out, C:\Users\Andrea Zammit\Desktop\EASMaster.csv,C:/Users/koval_000/Documents/GitHub/IALSA-2015-Portland/studies/eas/physical/corrected/b1_male_aehplus_pef_grip.out,eas,b1,male,aehplus,72,7,NA,41,-2151.417,4384.834,4478.177,4349.0,4499.634,TRUE,TRUE,NA,0,24.83,258.351,0.096,0.923,1.161,32.159,0.036,0.971,-15.164,97.259,-0.156,0.876,56.954,102.334,0.557,0.578,65.69,48.292,1.36,0.174,12172.062,6209.04,1.96,0.05,317.936,483.078,0.658,0.51,-839.468,1678.456,-0.5,0.617,4225.068,1115.177,3.789,0,26.603,19.348,1.375,0.169,0.626,1.302,0.481,0.631,-2.256,3.645,-0.619,0.536,17.707,3.447,5.137,0.0,403.731,136.72,2.953,0.003,-27.646,46.578,-0.594,0.553,33.71,5.826,5.786,0.0,-2.299,1.722,-1.335,0.182,0.044,0.451,0.097,0.923,0.082,2.217,0.037,0.97,0.24,0.166,1.449,0.147,-5.442,7.002,-0.777,0.437,0.723,2.111,0.343,0.732,-0.529,0.277,-1.908,0.056,-0.047,0.091,-0.518,0.604,5.68,10.549,0.538,0.59,-0.143,2.658,-0.054,0.957,-0.286,0.431,-0.663,0.508,0.04,0.117,0.345,0.73,3.058,3.509,0.872,0.383,-0.019,1.583,-0.012,0.991,0.219,0.198,1.104,0.27,-0.006,0.073,-0.079,0.937,-25.152,76.894,-0.327,0.744,2.099,21.133,0.099,0.921,-0.121,3.61,-0.034,0.973,0.364,1.099,0.332,0.74,-18.401,84.786,-0.217,0.828,-5.967,30.994,-0.193,0.847,-0.436,3.702,-0.118,0.906,0.818,0.989,0.827,0.408,-11.634,54.414,-0.214,0.831,-3.634,24.774,-0.147,0.883,-0.436,3.337,-0.131,0.896,-0.421,0.967,-0.435,0.663,pef,grip,grip,grip,grip
Mplus VERSION 7.31,0.1,03/09/2016, 6:07 PM,b1_female_aehplus_fev_gait.out, b1_female_aehplus_fev_gait_newdata.dat,C:/Users/koval_000/Documents/GitHub/IALSA-2015-Portland/studies/elsa/physical/b1_female_aehplus_fev_gait.out,elsa,b1,female,aehplus,2018,6,NA,41,-1447.352,2976.704,3206.709,3076.449,2978.44691497976,TRUE,TRUE,NA,0,0.018,0.003,6.75,0.0,0.0,0.0,1.983,0.047,0.0,0.0,-1.114,0.265,0.0,0.0,-1.682,0.093,-0.001,0.001,-0.84,0.401,0.142,0.01,14.614,0.0,0.0,0.0,2.001,0.045,-0.002,0.001,-2.421,0.015,0.081,0.009,9.048,0,0.034,0.002,19.797,0.0,0.0,0.0,6.097,0.0,0.0,0.0,-5.433,0.0,0.021,0.001,22.297,0.0,1.887,0.02,94.858,0.0,-0.019,0.002,-8.941,0.0,0.837,0.01,84.415,0.0,-0.012,0.001,-10.77,0.0,0.258,0.034,7.558,0.0,0.566,0.099,5.741,0.0,-0.027,0.033,-0.821,0.411,-0.026,0.001,-17.926,0.0,0.0,0.0,-0.44,0.66,-0.012,0.001,-15.533,0.0,-0.001,0.0,-5.349,0.0,0.094,0.021,4.421,0.0,0.0,0.002,0.062,0.951,0.098,0.011,9.103,0.0,-0.001,0.001,-0.845,0.398,0.027,0.002,15.033,0.0,0.0,0.0,-2.353,0.019,0.005,0.001,5.935,0.0,0.0,0.0,-2.655,0.008,-0.103,0.021,-4.915,0.0,-0.004,0.002,-1.595,0.111,-0.032,0.01,-3.089,0.002,0.001,0.001,0.625,0.532,-0.095,0.033,-2.874,0.004,-0.003,0.005,-0.526,0.599,-0.068,0.018,-3.88,0.0,-0.002,0.002,-0.772,0.44,-0.056,0.044,-1.274,0.203,-0.003,0.006,-0.539,0.59,-0.121,0.025,-4.875,0.0,0.0,0.003,-0.136,0.892,fev,gait,gait,gait,gait
Mplus VERSION 7.31,0.1,03/09/2016, 5:37 PM,b1_female_aehplus_grip_fev.out, b1_female_aehplus_grip_fev_newdata.dat,C:/Users/koval_000/Documents/GitHub/IALSA-2015-Portland/studies/elsa/physical/b1_female_aehplus_grip_fev.out,elsa,b1,female,aehplus,3145,6,NA,41,-24256.677,48595.354,48843.55,48713.276,48596.4638936513,TRUE,TRUE,NA,0,0.357,0.05,7.082,0.0,0.001,0.001,0.835,0.404,-0.012,0.006,-2.05,0.04,-0.005,0.005,-0.999,0.318,0.02,0.023,0.88,0.379,17.962,0.885,20.294,0.0,0.024,0.011,2.253,0.024,-0.129,0.075,-1.723,0.085,8.391,0.428,19.583,0,0.139,0.011,12.703,0.0,0.0,0.0,0.737,0.461,-0.001,0.001,-0.869,0.385,0.101,0.01,9.985,0.0,20.321,0.184,110.487,0.0,-0.292,0.02,-14.677,0.0,1.892,0.017,110.487,0.0,-0.02,0.002,-10.364,0.0,0.225,0.032,7.145,0.0,0.283,0.391,0.724,0.469,0.022,0.025,0.88,0.379,-0.243,0.01,-23.344,0.0,-0.008,0.001,-7.124,0.0,-0.026,0.001,-26.235,0.0,0.0,0.0,-1.105,0.269,0.949,0.196,4.836,0.0,-0.017,0.021,-0.846,0.397,0.101,0.018,5.542,0.0,0.0,0.002,-0.14,0.889,0.207,0.015,13.529,0.0,-0.003,0.002,-1.669,0.095,0.028,0.002,18.32,0.0,0.0,0.0,-2.714,0.007,-0.164,0.182,-0.9,0.368,-0.003,0.019,-0.145,0.885,-0.117,0.017,-6.723,0.0,-0.001,0.002,-0.589,0.556,-1.369,0.356,-3.842,0.0,0.02,0.039,0.501,0.617,-0.119,0.032,-3.728,0.0,0.001,0.005,0.108,0.914,-1.285,0.42,-3.058,0.002,0.026,0.045,0.572,0.567,-0.042,0.038,-1.104,0.27,-0.001,0.005,-0.223,0.823,grip,fev,fev,fev,pulmonary
Mplus VERSION 7.31,0.1,03/09/2016, 5:40 PM,b1_male_aehplus_fev_gait.out, b1_male_aehplus_fev_gait_newdata.dat,C:/Users/koval_000/Documents/GitHub/IALSA-2015-Portland/studies/elsa/physical/b1_male_aehplus_fev_gait.out,elsa,b1,male,aehplus,1828,6,NA,41,-2889.649,5861.298,6087.248,5956.992,5863.22633146697,TRUE,TRUE,NA,0,0.023,0.004,5.334,0.0,0.0,0.0,1.102,0.27,0.0,0.001,-0.947,0.344,0.0,0.0,-0.913,0.361,0.001,0.002,0.584,0.56,0.326,0.024,13.556,0.0,0.001,0.001,2.834,0.005,-0.01,0.003,-3.379,0.001,0.167,0.018,9.197,0,0.035,0.003,13.716,0.0,0.0,0.0,2.351,0.019,-0.001,0.0,-1.923,0.054,0.022,0.001,18.423,0.0,2.637,0.04,65.441,0.0,-0.019,0.006,-3.154,0.002,0.873,0.013,65.017,0.0,-0.011,0.002,-6.803,0.0,0.217,0.039,5.586,0.0,0.191,0.174,1.099,0.272,0.017,0.03,0.585,0.559,-0.033,0.002,-14.95,0.0,0.0,0.0,0.941,0.346,-0.011,0.001,-13.597,0.0,0.0,0.0,-3.499,0.0,0.19,0.035,5.481,0.0,-0.007,0.005,-1.599,0.11,0.108,0.012,9.297,0.0,0.002,0.001,1.112,0.266,0.031,0.003,11.439,0.0,0.0,0.0,0.954,0.34,0.004,0.001,5.079,0.0,0.0,0.0,-0.854,0.393,-0.237,0.037,-6.422,0.0,0.0,0.005,-0.086,0.932,-0.037,0.013,-2.939,0.003,0.0,0.001,-0.003,0.997,-0.134,0.043,-3.115,0.002,0.008,0.006,1.327,0.185,-0.036,0.015,-2.414,0.016,-0.001,0.002,-0.768,0.442,-0.008,0.054,-0.149,0.882,-0.024,0.007,-3.478,0.001,-0.056,0.019,-3.013,0.003,-0.001,0.002,-0.334,0.738,fev,gait,gait,gait,gait
Mplus VERSION 7.31,0.1,03/09/2016, 5:41 PM,b1_male_aehplus_grip_fev.out, b1_male_aehplus_grip_fev_newdata.dat,C:/Users/koval_000/Documents/GitHub/IALSA-2015-Portland/studies/elsa/physical/b1_male_aehplus_grip_fev.out,elsa,b1,male,aehplus,2872,6,NA,41,-26380.24,52842.479,53086.952,52956.681,52843.6959611307,TRUE,TRUE,NA,0,0.621,0.109,5.675,0.0,0.002,0.001,1.397,0.163,-0.015,0.012,-1.187,0.235,-0.013,0.011,-1.277,0.202,0.037,0.052,0.713,0.476,36.623,1.955,18.737,0.0,0.042,0.026,1.623,0.105,-0.368,0.184,-2.005,0.045,17.861,0.924,19.33,0,0.325,0.023,14.029,0.0,0.001,0.0,2.172,0.03,-0.008,0.003,-2.909,0.004,0.188,0.018,10.365,0.0,34.417,0.339,101.63,0.0,-0.448,0.04,-11.123,0.0,2.637,0.032,81.725,0.0,-0.022,0.004,-4.933,0.0,0.18,0.031,5.778,0.0,0.301,0.24,1.252,0.211,0.02,0.028,0.718,0.473,-0.453,0.015,-29.245,0.0,-0.009,0.002,-5.039,0.0,-0.034,0.002,-22.471,0.0,0.0,0.0,-0.75,0.453,1.173,0.309,3.803,0.0,-0.028,0.034,-0.811,0.417,0.199,0.029,6.805,0.0,-0.006,0.004,-1.679,0.093,0.293,0.021,14.088,0.0,0.001,0.002,0.588,0.557,0.034,0.002,15.799,0.0,0.0,0.0,-0.11,0.912,-0.291,0.302,-0.962,0.336,-0.01,0.031,-0.333,0.74,-0.216,0.028,-7.584,0.0,0.003,0.003,0.86,0.39,-0.392,0.398,-0.985,0.325,-0.125,0.046,-2.706,0.007,-0.203,0.039,-5.15,0.0,0.003,0.005,0.675,0.5,-2.205,0.528,-4.178,0.0,-0.154,0.051,-3.018,0.003,-0.059,0.047,-1.254,0.21,-0.015,0.006,-2.341,0.019,grip,fev,fev,fev,pulmonary
Mplus VERSION 7.31,0.1,03/09/2016, 5:36 PM,b1_male_aehplus_grip_gait.out, b1_male_aehplus_grip_gait_newdata.dat,C:/Users/koval_000/Documents/GitHub/IALSA-2015-Portland/studies/elsa/physical/b1_male_aehplus_grip_gait.out,elsa,b1,male,aehplus,1924,6,NA,41,-12530.971,25143.942,25371.99,25241.733,25145.771968119,TRUE,TRUE,NA,0,0.317,0.042,7.531,0.0,0.001,0.0,2.488,0.013,0.003,0.003,1.193,0.233,-0.006,0.005,-1.405,0.16,0.015,0.016,0.918,0.359,34.959,2.264,15.438,0.0,0.086,0.031,2.762,0.006,-0.725,0.224,-3.233,0.001,16.109,0.956,16.854,0,0.035,0.002,18.976,0.0,0.0,0.0,17.23,0.0,0.0,0.0,-6.587,0.0,0.023,0.001,22.949,0.0,34.46,0.398,86.547,0.0,-0.45,0.048,-9.437,0.0,0.871,0.013,66.226,0.0,-0.011,0.002,-6.975,0.0,0.287,0.034,8.38,0.0,0.333,0.068,4.895,0.0,0.024,0.026,0.925,0.355,-0.456,0.024,-19.133,0.0,-0.015,0.003,-5.119,0.0,-0.011,0.001,-13.846,0.0,0.0,0.0,-3.738,0.0,1.275,0.345,3.7,0.0,-0.009,0.041,-0.216,0.829,0.108,0.011,9.477,0.0,0.002,0.001,1.313,0.189,0.317,0.024,13.138,0.0,-0.004,0.003,-1.43,0.153,0.004,0.001,5.195,0.0,0.0,0.0,-0.31,0.756,-0.501,0.367,-1.364,0.172,-0.003,0.04,-0.072,0.942,-0.037,0.012,-2.961,0.003,0.0,0.001,-0.216,0.829,-0.236,0.436,-0.541,0.589,-0.122,0.051,-2.39,0.017,-0.039,0.014,-2.725,0.006,-0.001,0.002,-0.727,0.468,-1.75,0.547,-3.198,0.001,-0.218,0.06,-3.625,0.0,-0.058,0.018,-3.209,0.001,-0.001,0.002,-0.239,0.811,grip,gait,gait,gait,gait
Mplus VERSION 7.11,0.1,02/26/2016, 2:47 PM,b1_female_aehplus_grip_gait.out,Physical.dat,C:/Users/koval_000/Documents/GitHub/IALSA-2015-Portland/studies/hrs/physical/2016-11-11/b1_female_aehplus_grip_gait.out,hrs,b1,female,aehplus,4208,3,NA,41,-26978.928,54039.856,54299.991,54169.71,54040.6826922708,TRUE,TRUE,NA,0,0.173,0.027,6.344,0.0,0.0,0.001,-0.222,0.824,-0.001,0.004,-0.17,0.865,0.003,0.004,0.737,0.461,0.05,0.012,4.048,0.0,18.136,0.686,26.434,0.0,0.052,0.015,3.479,0.001,-0.312,0.077,-4.033,0.0,8.19,0.296,27.701,0,0.025,0.002,11.4,0.0,0.0,0.0,1.866,0.062,-0.001,0.0,-2.368,0.018,0.028,0.002,18.636,0.0,23.999,0.209,115.102,0.0,-0.446,0.028,-15.776,0.0,0.708,0.012,60.191,0.0,-0.013,0.002,-6.684,0.0,0.258,0.04,6.484,0.0,-0.047,0.21,-0.223,0.824,0.103,0.025,4.191,0.0,-0.259,0.008,-31.89,0.0,-0.008,0.001,-7.206,0.0,-0.011,0.001,-17.589,0.0,0.0,0.0,-3.585,0.0,0.01,0.029,0.353,0.724,0.0,0.004,0.068,0.946,0.02,0.002,11.912,0.0,0.0,0.0,0.962,0.336,0.226,0.012,18.094,0.0,-0.002,0.002,-1.125,0.261,0.001,0.001,1.818,0.069,0.0,0.0,-0.273,0.785,-0.114,0.158,-0.722,0.47,-0.013,0.021,-0.645,0.519,-0.01,0.009,-1.089,0.276,-0.001,0.002,-0.835,0.404,-1.223,0.198,-6.186,0.0,0.016,0.029,0.568,0.57,-0.039,0.011,-3.756,0.0,0.0,0.002,-0.126,0.9,-1.219,0.214,-5.702,0.0,-0.004,0.028,-0.133,0.894,-0.083,0.012,-7.185,0.0,-0.003,0.002,-1.694,0.09,grip,gait,gait,gait,gait
Mplus VERSION 7.11,0.1,02/26/2016, 2:51 PM,b1_female_aehplus_grip_pef.out,Physical.dat,C:/Users/koval_000/Documents/GitHub/IALSA-2015-Portland/studies/hrs/physical/2016-11-11/b1_female_aehplus_grip_pef.out,hrs,b1,female,aehplus,4208,3,NA,41,-82167.997,164417.994,164678.128,164547.848,164418.820692271,TRUE,TRUE,NA,0,89.957,6.417,14.019,0.0,0.446,0.127,3.521,0.0,-0.809,0.83,-0.975,0.329,-0.461,0.841,-0.549,0.583,7.25,2.38,3.046,0.002,18.157,0.685,26.499,0.0,0.052,0.015,3.522,0.0,-0.31,0.077,-4.012,0.0,8.174,0.295,27.747,0,4153.38,133.228,31.175,0.0,11.23,2.807,4.0,0.0,-21.611,14.883,-1.452,0.146,1686.831,62.592,26.949,0.0,23.985,0.208,115.171,0.0,-0.446,0.028,-15.786,0.0,249.428,2.861,87.185,0.0,-2.676,0.421,-6.35,0.0,0.328,0.022,15.151,0.0,0.583,0.168,3.474,0.001,0.062,0.02,3.056,0.002,-0.259,0.008,-31.827,0.0,-0.008,0.001,-7.212,0.0,-3.495,0.12,-29.188,0.0,-0.183,0.017,-10.871,0.0,0.013,0.029,0.436,0.663,0.0,0.004,-0.017,0.987,5.827,0.394,14.803,0.0,-0.076,0.057,-1.343,0.179,0.226,0.012,18.066,0.0,-0.002,0.002,-0.961,0.337,1.953,0.19,10.291,0.0,0.017,0.025,0.693,0.488,-0.117,0.158,-0.74,0.459,-0.016,0.021,-0.751,0.453,-18.208,2.355,-7.731,0.0,-0.947,0.298,-3.179,0.001,-1.227,0.198,-6.208,0.0,0.015,0.028,0.532,0.595,-9.538,3.02,-3.158,0.002,0.047,0.413,0.115,0.909,-1.225,0.214,-5.734,0.0,-0.001,0.028,-0.039,0.969,-11.524,3.081,-3.74,0.0,0.21,0.423,0.496,0.62,grip,pef,pef,pef,pulmonary
Mplus VERSION 7.11,0.1,02/26/2016, 2:51 PM,b1_female_aehplus_pef_gait.out,Physical.dat,C:/Users/koval_000/Documents/GitHub/IALSA-2015-Portland/studies/hrs/physical/2016-11-11/b1_female_aehplus_pef_gait.out,hrs,b1,female,aehplus,4208,3,NA,41,-53870.488,107822.976,108083.111,107952.83,107823.802692271,TRUE,TRUE,NA,0,3.382,0.388,8.72,0.0,-0.011,0.009,-1.111,0.266,-0.043,0.064,-0.67,0.503,0.078,0.052,1.497,0.134,0.919,0.172,5.33,0.0,4149.412,133.39,31.107,0.0,10.82,2.801,3.863,0.0,-20.795,14.881,-1.397,0.162,1692.732,62.961,26.885,0,0.025,0.002,11.34,0.0,0.0,0.0,1.776,0.076,-0.001,0.0,-2.262,0.024,0.029,0.002,18.753,0.0,249.557,2.864,87.146,0.0,-2.693,0.422,-6.386,0.0,0.711,0.012,60.974,0.0,-0.014,0.002,-7.008,0.0,0.335,0.037,8.986,0.0,-0.232,0.211,-1.098,0.272,0.132,0.024,5.446,0.0,-3.496,0.12,-29.177,0.0,-0.183,0.017,-10.865,0.0,-0.011,0.001,-18.386,0.0,0.0,0.0,-2.934,0.003,5.805,0.394,14.726,0.0,-0.075,0.057,-1.324,0.185,0.02,0.002,11.988,0.0,0.0,0.0,1.092,0.275,1.954,0.19,10.295,0.0,0.018,0.024,0.728,0.466,0.001,0.001,1.858,0.063,0.0,0.0,-0.288,0.773,-18.255,2.356,-7.749,0.0,-0.934,0.297,-3.139,0.002,-0.008,0.009,-0.918,0.359,-0.002,0.002,-1.059,0.289,-9.564,3.021,-3.166,0.002,0.081,0.412,0.195,0.845,-0.04,0.01,-3.835,0.0,0.0,0.002,-0.08,0.936,-11.541,3.08,-3.748,0.0,0.201,0.423,0.476,0.634,-0.084,0.011,-7.36,0.0,-0.003,0.002,-1.551,0.121,pef,gait,gait,gait,gait
Mplus VERSION 7.11,0.1,02/26/2016, 2:53 PM,b1_male_aehplus_grip_gait.out,Physical.dat,C:/Users/koval_000/Documents/GitHub/IALSA-2015-Portland/studies/hrs/physical/2016-11-11/b1_male_aehplus_grip_gait.out,hrs,b1,male,aehplus,3034,3,NA,41,-22108.782,44299.564,44546.287,44416.014,44300.7150695187,TRUE,TRUE,NA,0,0.229,0.052,4.405,0.0,0.001,0.001,1.042,0.297,0.011,0.008,1.473,0.141,0.01,0.007,1.485,0.137,0.048,0.026,1.834,0.067,41.233,1.767,23.34,0.0,0.153,0.035,4.308,0.0,-0.586,0.2,-2.935,0.003,16.803,0.787,21.352,0,0.027,0.003,10.0,0.0,0.0,0.0,1.183,0.237,-0.001,0.0,-1.671,0.095,0.032,0.002,15.977,0.0,38.336,0.389,98.548,0.0,-0.765,0.056,-13.632,0.0,0.789,0.015,54.045,0.0,-0.019,0.003,-7.248,0.0,0.218,0.049,4.46,0.0,0.297,0.301,0.989,0.323,0.065,0.036,1.83,0.067,-0.435,0.015,-28.979,0.0,-0.014,0.002,-6.494,0.0,-0.01,0.001,-11.939,0.0,0.0,0.0,-2.109,0.035,0.124,0.043,2.87,0.004,0.01,0.007,1.519,0.129,0.017,0.002,10.375,0.0,0.001,0.0,2.254,0.024,0.359,0.02,17.974,0.0,-0.005,0.003,-1.868,0.062,0.003,0.001,3.698,0.0,0.0,0.0,-0.36,0.719,-0.254,0.298,-0.851,0.395,-0.115,0.04,-2.85,0.004,-0.023,0.012,-1.849,0.064,0.0,0.002,0.19,0.849,-1.146,0.322,-3.561,0.0,0.0,0.044,-0.003,0.997,-0.037,0.012,-3.1,0.002,0.001,0.002,0.426,0.67,-1.598,0.346,-4.613,0.0,-0.066,0.047,-1.396,0.163,-0.03,0.013,-2.269,0.023,-0.004,0.002,-1.502,0.133,grip,gait,gait,gait,gait
Mplus VERSION 7.11,0.1,02/26/2016, 2:55 PM,b1_male_aehplus_grip_pef.out,Physical.dat,C:/Users/koval_000/Documents/GitHub/IALSA-2015-Portland/studies/hrs/physical/2016-11-11/b1_male_aehplus_grip_pef.out,hrs,b1,male,aehplus,3034,3,NA,41,-63442.458,126966.916,127213.639,127083.366,126968.067069519,TRUE,TRUE,NA,0,252.65,17.893,14.12,0.0,0.611,0.309,1.98,0.048,0.237,2.158,0.11,0.913,-1.211,2.431,-0.498,0.618,18.399,6.446,2.854,0.004,41.183,1.766,23.322,0.0,0.149,0.035,4.22,0.0,-0.564,0.2,-2.821,0.005,16.838,0.792,21.26,0,10797.428,380.277,28.394,0.0,22.369,7.914,2.827,0.005,-40.72,40.398,-1.008,0.313,3544.51,174.722,20.287,0.0,38.326,0.389,98.457,0.0,-0.767,0.056,-13.695,0.0,369.089,5.97,61.821,0.0,-3.362,0.842,-3.991,0.0,0.379,0.023,16.305,0.0,0.335,0.168,1.986,0.047,0.075,0.026,2.918,0.004,-0.435,0.015,-28.993,0.0,-0.014,0.002,-6.456,0.0,-4.357,0.224,-19.473,0.0,-0.246,0.031,-8.065,0.0,0.125,0.043,2.877,0.004,0.01,0.007,1.587,0.112,7.968,0.685,11.639,0.0,0.002,0.097,0.019,0.985,0.359,0.02,17.984,0.0,-0.005,0.003,-1.957,0.05,3.414,0.314,10.86,0.0,0.03,0.038,0.788,0.431,-0.253,0.298,-0.848,0.397,-0.12,0.04,-2.969,0.003,-25.825,4.574,-5.646,0.0,-0.91,0.553,-1.647,0.099,-1.134,0.322,-3.528,0.0,0.001,0.044,0.012,0.99,-19.131,4.936,-3.876,0.0,-1.198,0.636,-1.884,0.06,-1.598,0.346,-4.614,0.0,-0.066,0.047,-1.407,0.159,-7.1,5.207,-1.364,0.173,-1.844,0.67,-2.751,0.006,grip,pef,pef,pef,pulmonary
Mplus VERSION 7.11,0.1,02/26/2016, 2:56 PM,b1_male_aehplus_pef_gait.out,Physical.dat,C:/Users/koval_000/Documents/GitHub/IALSA-2015-Portland/studies/hrs/physical/2016-11-11/b1_male_aehplus_pef_gait.out,hrs,b1,male,aehplus,3034,3,NA,41,-40753.492,81588.985,81835.708,81705.435,81590.1360695187,TRUE,TRUE,NA,0,4.538,0.714,6.359,0.0,0.005,0.015,0.316,0.752,0.211,0.12,1.764,0.078,0.154,0.084,1.84,0.066,1.059,0.32,3.306,0.001,10790.23,380.12,28.386,0.0,22.738,7.955,2.858,0.004,-44.238,40.545,-1.091,0.275,3543.827,174.693,20.286,0,0.026,0.003,9.881,0.0,0.0,0.0,1.08,0.28,-0.001,0.0,-1.584,0.113,0.033,0.002,15.872,0.0,369.378,5.964,61.931,0.0,-3.328,0.84,-3.962,0.0,0.79,0.015,54.33,0.0,-0.019,0.003,-7.224,0.0,0.269,0.041,6.61,0.0,0.1,0.318,0.314,0.754,0.099,0.03,3.31,0.001,-4.346,0.224,-19.43,0.0,-0.245,0.031,-7.985,0.0,-0.01,0.001,-12.523,0.0,0.0,0.0,-1.93,0.054,7.943,0.684,11.61,0.0,0.002,0.097,0.024,0.981,0.017,0.002,10.409,0.0,0.001,0.0,2.355,0.019,3.423,0.314,10.892,0.0,0.034,0.038,0.908,0.364,0.003,0.001,3.679,0.0,0.0,0.0,-0.497,0.619,-25.821,4.572,-5.647,0.0,-0.936,0.553,-1.693,0.09,-0.022,0.012,-1.798,0.072,0.0,0.002,-0.073,0.942,-19.362,4.936,-3.923,0.0,-1.212,0.638,-1.901,0.057,-0.036,0.012,-3.056,0.002,0.001,0.002,0.351,0.726,-7.219,5.206,-1.387,0.166,-1.839,0.671,-2.739,0.006,-0.03,0.013,-2.278,0.023,-0.004,0.002,-1.515,0.13,pef,gait,gait,gait,gait
Mplus VERSION 7.11,0.1,10/30/2015, 9:49 AM,b1_female_aeh_grip_tug.out, C:\Users\Besitzer\Desktop\ilse 19.10.dat,C:/Users/koval_000/Documents/GitHub/IALSA-2015-Portland/studies/ilse/physical/b1_female_aeh_grip_tug.out,ilse,b1,female,aeh,225,3,NA,29,-2907.75,5873.499,5972.566,5880.659,5882.42207692308,TRUE,TRUE,NA,0,-1.477,5.43,-0.272,0.786,0.035,0.135,0.262,0.794,-0.255,0.965,-0.264,0.792,-0.309,0.767,-0.402,0.688,1.565,2.304,0.679,0.497,421.158,68.11,6.183,0.0,4.941,1.342,3.682,0.0,-44.632,8.526,-5.235,0.0,171.335,20.635,8.303,0,1.416,0.606,2.337,0.019,0.001,0.01,0.155,0.877,-0.031,0.067,-0.469,0.639,1.744,0.254,6.869,0.0,84.873,13.479,6.296,0.0,-6.723,2.288,-2.939,0.003,4.973,1.454,3.421,0.001,0.239,0.181,1.319,0.187,-0.06,0.227,-0.266,0.79,0.41,1.693,0.242,0.809,0.091,0.132,0.686,0.493,2.536,1.819,1.394,0.163,-0.592,0.314,-1.881,0.06,-0.149,0.206,-0.725,0.468,0.007,0.025,0.272,0.785,-3.602,3.514,-1.025,0.305,0.692,0.485,1.428,0.153,-0.584,0.368,-1.586,0.113,0.057,0.054,1.058,0.29,0.578,0.308,1.879,0.06,-0.011,0.046,-0.239,0.811,0.001,0.026,0.049,0.961,0.0,0.003,0.057,0.954,NA,NA,NA,NA,NA,NA,NA,NA,NA,NA,NA,NA,NA,NA,NA,NA,NA,NA,NA,NA,NA,NA,NA,NA,NA,NA,NA,NA,NA,NA,NA,NA,NA,NA,NA,NA,NA,NA,NA,NA,NA,NA,NA,NA,NA,NA,NA,NA,grip,tug,tug,tug,gait
Mplus VERSION 7.11,0.1,10/30/2015,11:53 AM,b1_female_aehplus_grip_tug.out, C:\Users\Besitzer\Desktop\ilse 19.10.dat,C:/Users/koval_000/Documents/GitHub/IALSA-2015-Portland/studies/ilse/physical/b1_female_aehplus_grip_tug.out,ilse,b1,female,aehplus,224,3,NA,37,-2888.235,5850.47,5976.701,5859.442,5865.58827956989,TRUE,TRUE,NA,0,-1.393,5.516,-0.253,0.801,0.036,0.14,0.256,0.798,-0.242,1.002,-0.241,0.809,-0.348,0.789,-0.442,0.659,1.683,2.365,0.712,0.477,422.822,69.528,6.081,0.0,5.173,1.439,3.595,0.0,-45.702,8.954,-5.104,0.0,167.402,20.671,8.098,0,1.422,0.622,2.287,0.022,0.002,0.01,0.155,0.877,-0.033,0.068,-0.484,0.628,1.726,0.273,6.312,0.0,87.873,13.615,6.454,0.0,-6.808,2.406,-2.83,0.005,4.856,1.551,3.131,0.002,0.212,0.199,1.066,0.286,-0.057,0.23,-0.248,0.804,0.403,1.63,0.247,0.805,0.099,0.138,0.719,0.472,2.817,1.832,1.537,0.124,-0.592,0.332,-1.782,0.075,-0.147,0.215,-0.684,0.494,0.003,0.028,0.118,0.906,-3.112,3.589,-0.867,0.386,0.67,0.498,1.347,0.178,-0.506,0.373,-1.357,0.175,0.049,0.053,0.911,0.362,0.632,0.324,1.948,0.051,-0.017,0.049,-0.348,0.728,0.008,0.025,0.296,0.767,0.0,0.003,-0.14,0.888,-4.983,3.749,-1.329,0.184,0.345,0.525,0.657,0.511,-0.234,0.365,-0.64,0.522,0.046,0.048,0.956,0.339,1.786,4.272,0.418,0.676,-0.023,0.615,-0.038,0.97,0.686,0.403,1.704,0.088,-0.046,0.05,-0.917,0.359,NA,NA,NA,NA,NA,NA,NA,NA,NA,NA,NA,NA,NA,NA,NA,NA,grip,tug,tug,tug,gait
Mplus VERSION 7.11,0.1,10/30/2015, 9:52 AM,b1_female_age_grip_tug.out, C:\Users\Besitzer\Desktop\ilse 19.10.dat,C:/Users/koval_000/Documents/GitHub/IALSA-2015-Portland/studies/ilse/physical/b1_female_age_grip_tug.out,ilse,b1,female,a,227,3,NA,21,-2938.82,5919.64,5991.564,5925.009,5924.14731707317,TRUE,TRUE,NA,0,-1.321,5.078,-0.26,0.795,0.031,0.135,0.228,0.82,-0.223,0.945,-0.236,0.814,-0.332,0.718,-0.463,0.643,1.339,2.227,0.601,0.548,427.746,67.935,6.296,0.0,4.799,1.261,3.805,0.0,-44.25,8.355,-5.296,0.0,176.024,21.266,8.277,0,1.387,0.577,2.405,0.016,0.001,0.009,0.16,0.873,-0.03,0.062,-0.484,0.628,1.772,0.249,7.108,0.0,84.207,13.394,6.287,0.0,-6.018,2.239,-2.688,0.007,4.677,1.289,3.628,0.0,0.278,0.159,1.755,0.079,-0.054,0.212,-0.256,0.798,0.373,1.658,0.225,0.822,0.076,0.125,0.607,0.544,2.426,1.823,1.331,0.183,-0.512,0.313,-1.636,0.102,-0.163,0.181,-0.902,0.367,0.01,0.023,0.417,0.677,NA,NA,NA,NA,NA,NA,NA,NA,NA,NA,NA,NA,NA,NA,NA,NA,NA,NA,NA,NA,NA,NA,NA,NA,NA,NA,NA,NA,NA,NA,NA,NA,NA,NA,NA,NA,NA,NA,NA,NA,NA,NA,NA,NA,NA,NA,NA,NA,NA,NA,NA,NA,NA,NA,NA,NA,NA,NA,NA,NA,NA,NA,NA,NA,NA,NA,NA,NA,NA,NA,NA,NA,NA,NA,NA,NA,NA,NA,NA,NA,grip,tug,tug,tug,gait
Mplus VERSION 7.11,0.1,10/30/2015, 9:53 AM,b1_male_aeh_grip_tug.out, C:\Users\Besitzer\Desktop\ilse 19.10.dat,C:/Users/koval_000/Documents/GitHub/IALSA-2015-Portland/studies/ilse/physical/b1_male_aeh_grip_tug.out,ilse,b1,male,aeh,253,3,NA,29,-3199.292,6456.584,6559.053,6467.117,6464.38669058296,TRUE,TRUE,NA,1,2.539,3.476,0.73,0.465,0.081,0.078,1.045,0.296,-1.178,0.577,-2.041,0.041,-0.07,0.483,-0.144,0.886,-5.229,1.901,-2.75,0.006,371.529,52.31,7.102,0.0,1.659,0.978,1.696,0.09,-23.812,6.391,-3.726,0.0,175.571,16.716,10.503,0,0.325,0.416,0.781,0.435,0.005,0.007,0.744,0.457,-0.01,0.049,-0.214,0.831,1.838,0.25,7.364,0.0,87.799,11.694,7.508,0.0,-1.89,1.455,-1.299,0.194,4.999,1.056,4.735,0.0,0.231,0.172,1.342,0.18,0.231,0.374,0.618,0.537,0.854,1.139,0.749,0.454,-0.291,0.098,-2.981,0.003,0.344,1.575,0.219,0.827,-0.018,0.194,-0.094,0.925,-0.041,0.151,-0.272,0.786,0.003,0.024,0.107,0.914,0.134,3.458,0.039,0.969,0.222,0.472,0.47,0.638,-0.204,0.245,-0.83,0.407,0.028,0.041,0.685,0.493,0.668,0.263,2.537,0.011,-0.051,0.034,-1.507,0.132,-0.023,0.02,-1.12,0.263,-0.001,0.003,-0.168,0.867,NA,NA,NA,NA,NA,NA,NA,NA,NA,NA,NA,NA,NA,NA,NA,NA,NA,NA,NA,NA,NA,NA,NA,NA,NA,NA,NA,NA,NA,NA,NA,NA,NA,NA,NA,NA,NA,NA,NA,NA,NA,NA,NA,NA,NA,NA,NA,NA,grip,tug,tug,tug,gait
Mplus VERSION 7.11,0.1,10/30/2015,11:55 AM,b1_male_aehplus_grip_tug.out, C:\Users\Besitzer\Desktop\ilse 19.10.dat,C:/Users/koval_000/Documents/GitHub/IALSA-2015-Portland/studies/ilse/physical/b1_male_aehplus_grip_tug.out,ilse,b1,male,aehplus,252,3,NA,37,-3179.273,6432.546,6563.135,6445.84,6445.68618691589,TRUE,TRUE,NA,0,2.923,3.483,0.839,0.401,0.074,0.076,0.978,0.328,-1.118,0.571,-1.958,0.05,-0.144,0.492,-0.293,0.77,-4.962,1.945,-2.551,0.011,361.886,51.817,6.984,0.0,1.496,1.01,1.481,0.139,-22.598,6.436,-3.511,0.0,174.83,16.903,10.343,0,0.283,0.416,0.68,0.497,0.005,0.008,0.66,0.509,-0.013,0.051,-0.258,0.796,1.854,0.257,7.203,0.0,94.387,12.564,7.512,0.0,-2.6,1.521,-1.709,0.087,4.63,1.127,4.108,0.0,0.263,0.179,1.463,0.144,0.289,0.435,0.665,0.506,0.837,1.238,0.676,0.499,-0.276,0.101,-2.724,0.006,0.887,1.633,0.543,0.587,-0.041,0.203,-0.204,0.838,-0.06,0.159,-0.376,0.707,0.004,0.024,0.183,0.855,0.743,3.496,0.212,0.832,0.125,0.482,0.259,0.796,-0.191,0.249,-0.768,0.443,0.024,0.043,0.566,0.571,0.644,0.259,2.487,0.013,-0.048,0.034,-1.43,0.153,-0.019,0.021,-0.935,0.35,0.0,0.003,-0.143,0.886,-3.239,3.711,-0.873,0.383,0.58,0.466,1.245,0.213,0.128,0.311,0.413,0.679,-0.029,0.047,-0.633,0.527,-2.654,3.88,-0.684,0.494,0.584,0.482,1.211,0.226,0.418,0.258,1.617,0.106,0.016,0.044,0.356,0.722,NA,NA,NA,NA,NA,NA,NA,NA,NA,NA,NA,NA,NA,NA,NA,NA,grip,tug,tug,tug,gait
Mplus VERSION 7.11,0.1,10/30/2015, 9:55 AM,b1_male_age_grip_tug.out, C:\Users\Besitzer\Desktop\ilse 19.10.dat,C:/Users/koval_000/Documents/GitHub/IALSA-2015-Portland/studies/ilse/physical/b1_male_age_grip_tug.out,ilse,b1,male,a,253,3,NA,21,-3206.662,6455.323,6529.524,6462.95,6459.323,TRUE,TRUE,NA,1,1.532,3.358,0.456,0.648,0.077,0.075,1.025,0.305,-1.122,0.584,-1.922,0.055,0.001,0.473,0.003,0.998,-5.363,1.914,-2.802,0.005,390.493,55.241,7.069,0.0,1.694,0.94,1.802,0.072,-24.708,6.309,-3.916,0.0,175.395,16.167,10.849,0,0.351,0.424,0.828,0.408,0.005,0.007,0.695,0.487,-0.008,0.049,-0.163,0.87,1.848,0.25,7.388,0.0,87.742,11.479,7.644,0.0,-1.9,1.405,-1.352,0.176,4.908,1.006,4.88,0.0,0.248,0.156,1.585,0.113,0.131,0.313,0.418,0.676,0.835,1.164,0.717,0.473,-0.298,0.098,-3.054,0.002,0.138,1.566,0.088,0.93,-0.019,0.192,-0.099,0.921,-0.037,0.142,-0.258,0.797,0.004,0.022,0.163,0.87,NA,NA,NA,NA,NA,NA,NA,NA,NA,NA,NA,NA,NA,NA,NA,NA,NA,NA,NA,NA,NA,NA,NA,NA,NA,NA,NA,NA,NA,NA,NA,NA,NA,NA,NA,NA,NA,NA,NA,NA,NA,NA,NA,NA,NA,NA,NA,NA,NA,NA,NA,NA,NA,NA,NA,NA,NA,NA,NA,NA,NA,NA,NA,NA,NA,NA,NA,NA,NA,NA,NA,NA,NA,NA,NA,NA,NA,NA,NA,NA,grip,tug,tug,tug,gait
Mplus VERSION 7.31,0.1,01/27/2016, 1:09 PM,b1_female_aehplus_grip_gait.out, LASAPhysicalCognitiveDescriptives_samesample.dat,C:/Users/koval_000/Documents/GitHub/IALSA-2015-Portland/studies/lasa/physical/b1_female_aehplus_grip_gait.out,lasa,b1,female,aehplus,782,6,NA,41,-15403.759,30889.518,31080.654,30950.459,30894.1720540541,TRUE,TRUE,NA,0,-3.908,1.27,-3.077,0.002,-0.019,0.019,-1.021,0.307,-0.076,0.154,-0.494,0.621,-0.127,0.245,-0.518,0.604,0.091,0.401,0.228,0.82,15.215,1.961,7.758,0.0,0.006,0.024,0.239,0.811,-0.092,0.188,-0.487,0.626,13.008,0.693,18.764,0,8.793,6.383,1.378,0.168,0.135,0.081,1.663,0.096,0.576,0.803,0.717,0.473,17.465,5.568,3.137,0.002,19.409,0.285,68.019,0.0,-0.285,0.032,-8.894,0.0,8.837,0.265,33.315,0.0,0.436,0.059,7.456,0.0,-0.338,0.073,-4.602,0.0,-0.685,1.604,-0.427,0.669,0.006,0.027,0.226,0.821,-0.302,0.025,-12.19,0.0,-0.013,0.003,-4.155,0.0,0.246,0.034,7.302,0.0,0.034,0.009,3.794,0.0,0.087,0.057,1.507,0.132,-0.005,0.005,-0.913,0.361,-0.084,0.054,-1.554,0.12,-0.005,0.009,-0.527,0.598,0.168,0.029,5.808,0.0,-0.003,0.003,-1.139,0.255,0.017,0.026,0.635,0.525,0.008,0.004,1.888,0.059,-0.6,0.515,-1.165,0.244,-0.047,0.048,-0.989,0.323,0.467,0.361,1.293,0.196,0.066,0.069,0.955,0.34,-0.34,0.439,-0.776,0.438,-0.025,0.041,-0.621,0.535,0.924,0.461,2.003,0.045,0.057,0.067,0.853,0.394,-1.932,0.764,-2.529,0.011,-0.054,0.088,-0.614,0.539,2.518,0.956,2.632,0.008,0.058,0.184,0.313,0.754,grip,gait,gait,gait,gait
Mplus VERSION 7.31,0.1,01/27/2016, 1:12 PM,b1_female_aehplus_grip_pef.out, LASAPhysicalCognitiveDescriptives_samesample.dat,C:/Users/koval_000/Documents/GitHub/IALSA-2015-Portland/studies/lasa/physical/b1_female_aehplus_grip_pef.out,lasa,b1,female,aehplus,782,6,NA,41,-16837.662,33757.325,33948.461,33818.265,33761.979054054,TRUE,TRUE,NA,0,76.858,19.879,3.866,0.0,0.004,0.225,0.017,0.986,-0.02,1.503,-0.013,0.989,0.335,3.34,0.1,0.92,5.728,7.322,0.782,0.434,14.552,2.148,6.775,0.0,0.002,0.044,0.039,0.969,-0.048,0.25,-0.194,0.847,14.43,0.798,18.075,0,4647.014,390.63,11.896,0.0,8.791,3.972,2.213,0.027,-55.815,33.497,-1.666,0.096,2100.132,188.179,11.16,0.0,19.487,0.287,67.951,0.0,-0.31,0.035,-8.883,0.0,346.091,4.986,69.419,0.0,-4.425,0.567,-7.806,0.0,0.296,0.067,4.428,0.0,0.031,1.492,0.021,0.983,0.033,0.042,0.784,0.433,-0.302,0.025,-12.338,0.0,-0.013,0.003,-4.287,0.0,-5.229,0.411,-12.73,0.0,-0.084,0.05,-1.678,0.093,0.091,0.057,1.591,0.112,-0.006,0.005,-1.135,0.256,2.133,1.023,2.085,0.037,0.0,0.111,0.002,0.999,0.164,0.029,5.633,0.0,-0.003,0.003,-0.835,0.404,1.984,0.462,4.294,0.0,0.012,0.05,0.245,0.807,-0.611,0.511,-1.196,0.232,-0.093,0.052,-1.771,0.077,-39.658,8.222,-4.823,0.0,0.106,0.727,0.145,0.884,-0.407,0.442,-0.921,0.357,-0.019,0.045,-0.434,0.664,-12.255,8.531,-1.437,0.151,0.298,0.872,0.342,0.732,-1.822,0.747,-2.439,0.015,-0.076,0.094,-0.814,0.415,7.916,13.143,0.602,0.547,-3.4,1.702,-1.998,0.046,grip,pef,pef,pef,pulmonary
Mplus VERSION 7.31,0.1,10/26/2015,10:45 AM,b1_female_aehplus_pef_gait.out, LASAPhysicalCognitiveDescriptives_samesample.dat,C:/Users/koval_000/Documents/GitHub/IALSA-2015-Portland/studies/lasa/physical/b1_female_aehplus_pef_gait.out,lasa,b1,female,aehplus,782,6,NA,41,-24498.99,49079.98,49271.116,49140.92,49084.6340540541,TRUE,TRUE,NA,0,-19.827,9.763,-2.031,0.042,-0.156,0.132,-1.184,0.236,-5.937,2.223,-2.671,0.008,-0.28,0.577,-0.485,0.627,-3.883,4.682,-0.829,0.407,3905.202,273.762,14.265,0.0,1.263,0.912,1.385,0.166,23.548,13.592,1.733,0.083,2094.66,137.171,15.27,0,1.955,1.568,1.247,0.212,0.318,0.187,1.704,0.088,0.563,0.456,1.236,0.217,13.333,2.514,5.303,0.0,351.972,4.521,77.852,0.0,-3.77,0.362,-10.425,0.0,7.716,0.169,45.718,0.0,0.449,0.056,7.97,0.0,-0.227,0.133,-1.709,0.088,-0.246,0.199,-1.241,0.214,-0.023,0.027,-0.848,0.396,-4.495,0.357,-12.604,0.0,-0.138,0.03,-4.535,0.0,0.129,0.018,7.174,0.0,0.039,0.007,5.994,0.0,3.083,0.871,3.541,0.0,-0.088,0.065,-1.358,0.175,-0.049,0.036,-1.357,0.175,-0.008,0.009,-0.866,0.386,2.534,0.411,6.169,0.0,-0.042,0.03,-1.37,0.171,-0.026,0.019,-1.404,0.16,0.011,0.005,2.456,0.014,-30.645,6.898,-4.442,0.0,-0.817,0.469,-1.744,0.081,0.323,0.272,1.19,0.234,0.064,0.056,1.128,0.259,-12.35,7.366,-1.677,0.094,0.062,0.52,0.119,0.905,1.273,0.34,3.748,0.0,-0.033,0.073,-0.457,0.648,-3.862,12.452,-0.31,0.756,-0.893,1.135,-0.787,0.431,1.737,0.818,2.124,0.034,0.185,0.154,1.2,0.23,pef,gait,gait,gait,gait
Mplus VERSION 7.31,0.1,11/01/2016,11:34 AM,b1_male_aehplus_grip_gait.out, LASAPhysicalCognitiveDescriptives_samesample.dat,C:/Users/koval_000/Documents/GitHub/IALSA-2015-Portland/studies/lasa/physical/b1_male_aehplus_grip_gait.out,lasa,b1,male,aehplus,800,6,NA,41,-14605.012,29292.023,29484.092,29353.894,29296.5665356201,TRUE,TRUE,NA,0,-5.543,1.369,-4.048,0.0,-0.098,0.037,-2.636,0.008,-0.972,0.308,-3.16,0.002,-0.446,0.181,-2.458,0.014,-0.491,0.552,-0.89,0.373,38.293,2.939,13.03,0.0,0.064,0.031,2.048,0.041,-0.098,0.227,-0.433,0.665,20.952,0.796,26.31,0,6.484,0.412,15.748,0.0,0.263,0.029,9.033,0.0,1.285,0.092,13.933,0.0,9.594,0.251,38.286,0.0,34.11,0.517,65.982,0.0,-0.677,0.059,-11.477,0.0,8.188,0.364,22.472,0.0,0.5,0.08,6.286,0.0,-0.352,0.082,-4.28,0.0,-0.756,0.193,-3.925,0.0,-0.035,0.039,-0.895,0.371,-0.462,0.039,-11.968,0.0,-0.039,0.006,-7.036,0.0,0.141,0.025,5.701,0.0,0.034,0.006,5.566,0.0,-0.093,0.087,-1.07,0.285,0.012,0.01,1.134,0.257,-0.127,0.059,-2.146,0.032,-0.01,0.013,-0.781,0.435,0.221,0.039,5.688,0.0,-0.003,0.005,-0.552,0.581,-0.018,0.027,-0.664,0.507,0.002,0.005,0.318,0.75,0.2,0.63,0.317,0.751,-0.106,0.078,-1.356,0.175,0.081,0.353,0.229,0.819,0.069,0.087,0.797,0.425,0.352,0.63,0.559,0.576,-0.045,0.077,-0.588,0.556,0.304,0.353,0.863,0.388,-0.015,0.096,-0.153,0.878,-3.0,1.177,-2.55,0.011,-0.308,0.176,-1.749,0.08,0.464,0.928,0.5,0.617,0.157,0.162,0.971,0.331,grip,gait,gait,gait,gait
Mplus VERSION 7.31,0.1,01/27/2016, 1:25 PM,b1_male_aehplus_grip_pef.out, LASAPhysicalCognitiveDescriptives_samesample.dat,C:/Users/koval_000/Documents/GitHub/IALSA-2015-Portland/studies/lasa/physical/b1_male_aehplus_grip_pef.out,lasa,b1,male,aehplus,800,6,NA,41,-17111.544,34305.089,34497.158,34366.96,34309.6325356201,TRUE,TRUE,NA,0,153.761,29.379,5.234,0.0,0.295,0.099,2.978,0.003,-0.067,2.859,-0.023,0.981,2.535,1.523,1.664,0.096,-12.423,7.987,-1.555,0.12,38.352,3.004,12.768,0.0,0.009,0.002,4.882,0.0,-0.08,0.108,-0.743,0.457,21.916,1.25,17.529,0,10662.275,728.727,14.631,0.0,28.818,8.398,3.432,0.001,-99.175,56.138,-1.767,0.077,2473.382,173.438,14.261,0.0,33.977,0.48,70.78,0.0,-0.609,0.055,-11.032,0.0,454.095,7.134,63.654,0.0,-5.403,0.761,-7.104,0.0,0.24,0.043,5.579,0.0,0.566,0.095,5.95,0.0,-0.053,0.034,-1.58,0.114,-0.464,0.038,-12.163,0.0,-0.034,0.004,-8.023,0.0,-7.602,0.553,-13.75,0.0,-0.044,0.062,-0.711,0.477,-0.078,0.082,-0.951,0.342,0.002,0.008,0.306,0.76,4.283,1.238,3.46,0.001,-0.044,0.133,-0.327,0.743,0.217,0.04,5.464,0.0,-0.001,0.004,-0.391,0.696,3.109,0.559,5.557,0.0,-0.029,0.056,-0.522,0.601,0.378,0.607,0.623,0.533,-0.171,0.061,-2.792,0.005,-63.632,9.057,-7.025,0.0,-0.731,0.944,-0.775,0.439,0.381,0.604,0.631,0.528,-0.055,0.062,-0.878,0.38,-0.722,9.086,-0.08,0.937,-1.909,1.041,-1.833,0.067,-2.964,1.433,-2.069,0.039,-0.287,0.128,-2.245,0.025,-3.18,16.809,-0.189,0.85,-1.123,2.83,-0.397,0.692,grip,pef,pef,pef,pulmonary
Mplus VERSION 7.31,0.1,10/26/2015,10:54 AM,b1_male_aehplus_pef_gait.out, LASAPhysicalCognitiveDescriptives_samesample.dat,C:/Users/koval_000/Documents/GitHub/IALSA-2015-Portland/studies/lasa/physical/b1_male_aehplus_pef_gait.out,lasa,b1,male,aehplus,800,6,NA,41,-23890.244,47862.489,48054.558,47924.36,47867.0325356201,TRUE,TRUE,NA,0,-40.598,5.655,-7.179,0.0,-0.776,0.326,-2.381,0.017,-3.017,1.866,-1.617,0.106,-0.965,0.681,-1.419,0.156,-4.309,4.734,-0.91,0.363,9154.709,603.18,15.177,0.0,15.633,3.403,4.593,0.0,23.503,32.775,0.717,0.473,2620.983,155.421,16.864,0,1.42,0.405,3.507,0.0,0.239,0.127,1.878,0.06,0.528,0.229,2.306,0.021,9.356,2.232,4.193,0.0,468.602,6.535,71.705,0.0,-5.389,0.55,-9.797,0.0,7.21,0.136,53.018,0.0,0.415,0.053,7.857,0.0,-0.356,0.062,-5.707,0.0,-0.401,0.094,-4.271,0.0,-0.028,0.031,-0.895,0.371,-6.524,0.472,-13.82,0.0,-0.16,0.042,-3.817,0.0,0.082,0.011,7.619,0.0,0.024,0.003,7.408,0.0,4.455,1.111,4.011,0.0,-0.058,0.089,-0.651,0.515,-0.066,0.025,-2.64,0.008,-0.013,0.005,-2.446,0.014,3.174,0.497,6.388,0.0,-0.021,0.036,-0.582,0.561,-0.017,0.01,-1.617,0.106,0.001,0.003,0.334,0.738,-53.236,7.915,-6.726,0.0,-1.758,0.619,-2.842,0.004,0.083,0.203,0.41,0.682,0.029,0.048,0.6,0.549,-0.584,8.439,-0.069,0.945,-1.382,0.688,-2.008,0.045,0.291,0.212,1.371,0.17,-0.016,0.046,-0.358,0.72,1.339,14.312,0.094,0.925,-1.583,1.469,-1.077,0.281,0.463,0.37,1.251,0.211,0.034,0.114,0.298,0.766,pef,gait,gait,gait,gait
Mplus VERSION 7.3,0.1,10/21/2015,10:20 PM,b1_female_aehplus_fev_gait.out,NA,C:/Users/koval_000/Documents/GitHub/IALSA-2015-Portland/studies/map/physical/b1_female_aehplus_fev_gait.out,map,b1,female,aehplus,931,5,NA,41,963.379,-1844.758,-1646.471,-1776.683,-1840.88398425197,TRUE,TRUE,NA,0,0.011,0.002,4.752,0.0,0.0,0.0,-0.074,0.941,0.001,0.001,0.725,0.469,0.0,0.001,-0.034,0.973,0.0,0.001,0.556,0.578,0.108,0.008,14.338,0.0,0.0,0.001,0.636,0.525,0.0,0.001,-0.122,0.903,0.027,0.005,5.696,0,0.02,0.002,11.552,0.0,0.001,0.0,2.997,0.003,-0.001,0.001,-1.551,0.121,0.018,0.001,19.736,0.0,1.682,0.034,48.768,0.0,-0.038,0.009,-4.114,0.0,0.625,0.019,33.053,0.0,0.008,0.007,1.207,0.227,0.242,0.048,5.061,0.0,-0.029,0.386,-0.076,0.94,0.016,0.028,0.563,0.573,-0.024,0.002,-14.784,0.0,0.001,0.0,1.926,0.054,-0.007,0.001,-7.958,0.0,-0.001,0.0,-3.239,0.001,0.012,0.004,3.418,0.001,0.0,0.001,-0.096,0.923,0.011,0.002,5.471,0.0,-0.002,0.001,-2.69,0.007,1.625,0.216,7.534,0.0,-0.068,0.041,-1.669,0.095,0.231,0.087,2.665,0.008,-0.013,0.031,-0.433,0.665,-0.088,0.023,-3.753,0.0,0.002,0.005,0.489,0.625,-0.015,0.011,-1.314,0.189,-0.003,0.004,-0.84,0.401,-0.063,0.05,-1.263,0.206,-0.012,0.008,-1.496,0.135,-0.002,0.022,-0.08,0.936,-0.006,0.007,-0.872,0.383,-0.023,0.039,-0.587,0.557,-0.007,0.01,-0.711,0.477,-0.07,0.019,-3.722,0.0,0.005,0.007,0.724,0.469,fev,gait,gait,gait,gait
Mplus VERSION 7.3,0.1,10/21/2015,10:26 PM,b1_female_aehplus_fev_grip.out,NA,C:/Users/koval_000/Documents/GitHub/IALSA-2015-Portland/studies/map/physical/b1_female_aehplus_fev_grip.out,map,b1,female,aehplus,931,5,NA,37,-9002.371,18078.742,18257.684,18140.175,18081.8909361702,TRUE,TRUE,NA,0,0.409,0.134,3.054,0.002,0.003,0.006,0.435,0.663,0.017,0.03,0.574,0.566,0.034,0.036,0.942,0.346,0.015,0.024,0.625,0.532,0.108,0.008,14.336,0.0,0.0,0.001,0.623,0.533,0.0,0.001,0.002,0.998,0.027,0.005,5.683,0,94.397,5.94,15.891,0.0,0.719,0.326,2.206,0.027,-1.588,1.085,-1.464,0.143,19.672,1.067,18.437,0.0,1.678,0.034,48.789,0.0,-0.038,0.009,-4.13,0.0,43.836,1.257,34.883,0.0,-0.319,0.311,-1.023,0.306,0.128,0.041,3.093,0.002,0.161,0.369,0.436,0.663,0.021,0.033,0.625,0.532,-0.024,0.002,-15.035,0.0,0.001,0.0,1.8,0.072,-0.608,0.049,-12.29,0.0,-0.02,0.012,-1.676,0.094,0.012,0.004,3.465,0.001,0.0,0.001,-0.078,0.938,0.393,0.13,3.027,0.002,-0.079,0.032,-2.445,0.014,1.629,0.216,7.559,0.0,-0.067,0.041,-1.657,0.098,38.991,4.195,9.294,0.0,-1.252,1.162,-1.078,0.281,-0.09,0.023,-3.909,0.0,0.002,0.005,0.346,0.73,0.419,0.677,0.619,0.536,0.039,0.17,0.23,0.818,NA,NA,NA,NA,NA,NA,NA,NA,NA,NA,NA,NA,NA,NA,NA,NA,-0.022,0.039,-0.567,0.571,-0.009,0.01,-0.839,0.401,0.029,1.233,0.024,0.981,-0.324,0.288,-1.122,0.262,fev,grip,grip,grip,grip
Mplus VERSION 7.3,0.1,10/21/2015,10:21 PM,b1_female_aehplus_gait_grip.out,NA,C:/Users/koval_000/Documents/GitHub/IALSA-2015-Portland/studies/map/physical/b1_female_aehplus_gait_grip.out,map,b1,female,aehplus,931,5,NA,41,-7766.863,15615.726,15814.012,15683.8,15619.600015748,TRUE,TRUE,NA,0,0.414,0.069,5.989,0.0,-0.01,0.007,-1.368,0.171,0.017,0.019,0.88,0.379,0.064,0.024,2.655,0.008,-0.004,0.018,-0.236,0.814,0.02,0.002,11.512,0.0,0.001,0.0,3.098,0.002,-0.001,0.001,-1.533,0.125,0.018,0.001,19.88,0,94.521,5.945,15.9,0.0,0.745,0.33,2.258,0.024,-1.644,1.085,-1.516,0.13,19.633,1.066,18.418,0.0,0.621,0.019,32.806,0.0,0.006,0.007,0.944,0.345,43.831,1.255,34.92,0.0,-0.345,0.311,-1.107,0.268,0.303,0.049,6.243,0.0,-0.455,0.313,-1.453,0.146,-0.007,0.03,-0.235,0.814,-0.007,0.001,-7.854,0.0,-0.001,0.0,-3.114,0.002,-0.61,0.05,-12.279,0.0,-0.019,0.012,-1.547,0.122,0.012,0.002,5.672,0.0,-0.002,0.001,-2.532,0.011,0.396,0.13,3.053,0.002,-0.082,0.033,-2.528,0.011,0.229,0.087,2.651,0.008,-0.013,0.03,-0.415,0.678,39.137,4.196,9.326,0.0,-1.216,1.185,-1.026,0.305,-0.015,0.011,-1.313,0.189,-0.003,0.004,-0.915,0.36,0.394,0.672,0.586,0.558,0.033,0.17,0.192,0.848,-0.004,0.022,-0.191,0.848,-0.005,0.007,-0.735,0.462,0.528,1.408,0.375,0.708,0.069,0.287,0.241,0.81,-0.068,0.019,-3.592,0.0,0.005,0.007,0.729,0.466,-0.013,1.232,-0.01,0.992,-0.316,0.289,-1.093,0.274,gait,grip,grip,grip,grip
Mplus VERSION 7.3,0.1,10/21/2015,10:22 PM,b1_male_aehplus_fev_gait.out,NA,C:/Users/koval_000/Documents/GitHub/IALSA-2015-Portland/studies/map/physical/b1_male_aehplus_fev_gait.out,map,b1,male,aehplus,309,5,NA,41,-30.871,143.743,296.81,166.774,156.641876404494,TRUE,TRUE,NA,0,0.017,0.006,2.754,0.006,0.0,0.0,-0.864,0.388,0.006,0.002,2.617,0.009,0.0,0.001,-0.061,0.952,0.0,0.001,-0.129,0.897,0.263,0.024,10.772,0.0,0.002,0.001,1.191,0.234,-0.006,0.004,-1.398,0.162,0.045,0.006,7.73,0,0.019,0.003,6.007,0.0,0.0,0.0,1.171,0.241,0.0,0.001,-0.344,0.731,0.023,0.002,11.139,0.0,2.387,0.11,21.789,0.0,-0.087,0.024,-3.604,0.0,0.666,0.036,18.3,0.0,0.01,0.013,0.781,0.435,0.246,0.085,2.886,0.004,-0.463,0.619,-0.748,0.454,-0.006,0.046,-0.129,0.897,-0.027,0.004,-6.057,0.0,0.0,0.001,-0.371,0.711,-0.007,0.002,-4.489,0.0,-0.001,0.001,-1.429,0.153,0.021,0.009,2.365,0.018,0.0,0.002,0.166,0.868,0.011,0.003,3.24,0.001,-0.002,0.001,-1.58,0.114,1.637,0.451,3.629,0.0,0.109,0.128,0.851,0.395,0.137,0.153,0.897,0.369,0.0,0.057,0.006,0.995,-0.2,0.062,-3.249,0.001,0.035,0.014,2.596,0.009,-0.015,0.019,-0.789,0.43,-0.005,0.007,-0.696,0.486,-0.106,0.094,-1.135,0.257,-0.019,0.017,-1.125,0.261,-0.003,0.034,-0.078,0.938,-0.019,0.012,-1.59,0.112,-0.234,0.082,-2.868,0.004,0.038,0.018,2.068,0.039,-0.035,0.025,-1.373,0.17,0.009,0.011,0.896,0.37,fev,gait,gait,gait,gait
Mplus VERSION 7.3,0.1,10/21/2015,10:23 PM,b1_male_aehplus_fev_grip.out,NA,C:/Users/koval_000/Documents/GitHub/IALSA-2015-Portland/studies/map/physical/b1_male_aehplus_fev_grip.out,map,b1,male,aehplus,309,5,NA,41,-3549.78,7181.561,7334.628,7204.592,7194.45987640449,TRUE,TRUE,NA,0,1.792,0.502,3.566,0.0,-0.003,0.028,-0.114,0.909,0.097,0.132,0.737,0.461,0.041,0.103,0.395,0.693,-0.017,0.059,-0.285,0.776,0.26,0.024,10.835,0.0,0.001,0.001,1.049,0.294,-0.005,0.004,-1.308,0.191,0.045,0.006,7.702,0,203.356,19.149,10.62,0.0,3.462,1.488,2.327,0.02,-6.475,3.302,-1.961,0.05,32.547,3.05,10.67,0.0,2.387,0.11,21.779,0.0,-0.088,0.025,-3.59,0.0,79.85,2.884,27.689,0.0,-2.475,0.921,-2.687,0.007,0.246,0.065,3.799,0.0,-0.044,0.399,-0.111,0.911,-0.014,0.048,-0.286,0.775,-0.027,0.004,-6.069,0.0,0.0,0.001,-0.269,0.788,-1.05,0.127,-8.235,0.0,-0.038,0.04,-0.968,0.333,0.02,0.009,2.294,0.022,0.001,0.002,0.286,0.775,0.03,0.26,0.115,0.908,0.096,0.069,1.404,0.16,1.67,0.451,3.702,0.0,0.113,0.132,0.86,0.39,80.607,11.316,7.123,0.0,-2.884,3.59,-0.803,0.422,-0.203,0.062,-3.298,0.001,0.037,0.013,2.762,0.006,0.39,1.754,0.223,0.824,-0.091,0.465,-0.195,0.845,-0.105,0.094,-1.125,0.261,-0.02,0.016,-1.202,0.229,-5.58,2.752,-2.027,0.043,0.842,0.662,1.271,0.204,-0.223,0.081,-2.743,0.006,0.033,0.018,1.816,0.069,-6.449,2.282,-2.826,0.005,1.285,0.52,2.468,0.014,fev,grip,grip,grip,grip
Mplus VERSION 7.3,0.1,10/21/2015,10:24 PM,b1_male_aehplus_gait_grip.out,NA,C:/Users/koval_000/Documents/GitHub/IALSA-2015-Portland/studies/map/physical/b1_male_aehplus_gait_grip.out,map,b1,male,aehplus,309,5,NA,41,-2966.364,6014.729,6167.796,6037.76,6027.62787640449,TRUE,TRUE,NA,0,0.599,0.168,3.578,0.0,0.015,0.013,1.141,0.254,-0.008,0.036,-0.238,0.812,0.095,0.062,1.518,0.129,0.005,0.052,0.102,0.919,0.019,0.003,6.099,0.0,0.0,0.0,1.125,0.26,0.0,0.001,-0.165,0.869,0.023,0.002,11.368,0,203.96,19.165,10.642,0.0,3.447,1.449,2.378,0.017,-6.606,3.246,-2.035,0.042,32.5,3.022,10.756,0.0,0.662,0.036,18.217,0.0,0.002,0.013,0.129,0.897,79.802,2.882,27.686,0.0,-2.48,0.914,-2.715,0.007,0.305,0.081,3.783,0.0,0.398,0.34,1.172,0.241,0.006,0.06,0.102,0.919,-0.007,0.002,-4.401,0.0,-0.001,0.001,-0.907,0.364,-1.048,0.127,-8.233,0.0,-0.037,0.04,-0.937,0.349,0.011,0.003,3.322,0.001,-0.002,0.001,-1.468,0.142,0.03,0.261,0.116,0.907,0.093,0.067,1.405,0.16,0.148,0.155,0.955,0.34,0.046,0.054,0.858,0.391,80.707,11.313,7.134,0.0,-2.611,3.578,-0.73,0.466,-0.015,0.019,-0.801,0.423,-0.003,0.007,-0.357,0.721,0.402,1.755,0.229,0.819,-0.109,0.467,-0.234,0.815,-0.005,0.034,-0.148,0.882,-0.013,0.011,-1.142,0.253,-5.568,2.751,-2.024,0.043,0.867,0.662,1.31,0.19,-0.037,0.025,-1.456,0.145,-0.001,0.01,-0.116,0.907,-6.396,2.288,-2.795,0.005,1.175,0.508,2.31,0.021,gait,grip,grip,grip,grip
Mplus VERSION 5.1,0.1,09/01/2015,12:28 PM,b1_female_aehplus_grip_gait.out, f:\IALSA\IALSA_retour.dat,C:/Users/koval_000/Documents/GitHub/IALSA-2015-Portland/studies/nuage/physical/b1_female_aehplus_grip_gait.out,nuage,b1,female,aehplus,934,4,NA,NA,-15587.387,31264.774,31482.55,31339.634,NA,TRUE,TRUE,NA,0,-1.754,0.396,-4.432,0.0,-0.037,0.041,-0.901,0.367,-0.409,0.168,-2.44,0.015,-0.079,0.115,-0.687,0.492,-0.134,0.093,-1.433,0.152,176.11,10.891,16.171,0.0,2.674,0.883,3.03,0.002,-2.234,2.037,-1.097,0.273,37.887,2.671,14.185,0,0.516,0.087,5.938,0.0,0.048,0.015,3.22,0.001,0.041,0.025,1.639,0.101,0.275,0.023,11.844,0.0,60.561,1.122,53.98,0.0,-2.198,0.284,-7.731,0.0,3.948,0.06,66.241,0.0,0.018,0.025,0.718,0.473,-0.184,0.042,-4.427,0.0,-0.104,0.116,-0.898,0.369,-0.041,0.029,-1.443,0.149,-0.94,0.113,-8.313,0.0,0.016,0.029,0.575,0.565,0.055,0.007,8.303,0.0,0.014,0.003,4.549,0.0,0.008,0.132,0.064,0.949,-0.016,0.034,-0.465,0.642,-0.018,0.008,-2.17,0.03,0.002,0.003,0.555,0.579,-10.97,8.002,-1.371,0.17,-0.987,2.011,-0.49,0.624,-2.614,0.472,-5.535,0.0,0.093,0.217,0.426,0.67,1.219,1.005,1.213,0.225,0.479,0.247,1.942,0.052,-0.075,0.058,-1.307,0.191,0.012,0.027,0.453,0.65,2.842,1.278,2.223,0.026,-0.534,0.309,-1.728,0.084,0.112,0.079,1.422,0.155,0.065,0.034,1.907,0.057,0.024,1.878,0.013,0.99,-0.473,0.491,-0.962,0.336,0.144,0.109,1.32,0.187,0.004,0.033,0.115,0.909,grip,gait,gait,gait,gait
Mplus VERSION 5.1,0.1,09/01/2015,12:23 PM,b1_female_aehplus_grip_tug.out, f:\IALSA\IALSA_retour.dat,C:/Users/koval_000/Documents/GitHub/IALSA-2015-Portland/studies/nuage/physical/b1_female_aehplus_grip_tug.out,nuage,b1,female,aehplus,934,4,NA,NA,-18531.496,37152.993,37370.769,37227.853,NA,TRUE,TRUE,NA,0,-7.368,1.161,-6.345,0.0,-0.173,0.118,-1.469,0.142,-0.387,0.384,-1.006,0.315,-0.42,0.327,-1.286,0.198,-0.101,0.238,-0.424,0.672,176.038,10.891,16.163,0.0,2.696,0.885,3.045,0.002,-2.188,2.035,-1.075,0.282,37.912,2.674,14.177,0,4.18,0.663,6.305,0.0,0.164,0.063,2.631,0.009,0.286,0.185,1.549,0.121,1.779,0.204,8.734,0.0,60.567,1.122,53.98,0.0,-2.2,0.285,-7.73,0.0,9.75,0.168,57.934,0.0,0.113,0.056,2.008,0.045,-0.272,0.042,-6.523,0.0,-0.26,0.17,-1.525,0.127,-0.012,0.029,-0.425,0.671,-0.941,0.113,-8.324,0.0,0.014,0.029,0.494,0.621,0.173,0.019,8.871,0.0,0.039,0.007,5.608,0.0,0.009,0.132,0.066,0.947,-0.015,0.034,-0.432,0.666,0.003,0.021,0.144,0.886,0.008,0.007,1.102,0.27,-10.912,8.001,-1.364,0.173,-0.994,2.009,-0.495,0.621,-3.389,1.289,-2.629,0.009,0.357,0.485,0.737,0.461,1.211,1.005,1.206,0.228,0.485,0.246,1.969,0.049,-0.139,0.158,-0.878,0.38,-0.03,0.056,-0.549,0.583,2.853,1.278,2.233,0.026,-0.511,0.309,-1.656,0.098,0.217,0.206,1.05,0.294,0.117,0.081,1.445,0.148,0.033,1.877,0.017,0.986,-0.481,0.49,-0.981,0.326,0.469,0.293,1.601,0.109,0.098,0.1,0.985,0.325,grip,tug,tug,tug,gait
Mplus VERSION 5.1,0.1,09/01/2015,12:27 PM,b1_male_aehplus_grip_gait.out, f:\IALSA\IALSA_retour.dat,C:/Users/koval_000/Documents/GitHub/IALSA-2015-Portland/studies/nuage/physical/b1_male_aehplus_grip_gait.out,nuage,b1,male,aehplus,847,4,NA,NA,-14808.451,29706.903,29920.279,29777.373,NA,TRUE,TRUE,NA,0,-1.868,0.727,-2.571,0.01,-0.069,0.043,-1.601,0.109,-0.687,0.452,-1.519,0.129,-0.166,0.145,-1.146,0.252,-0.23,0.099,-2.328,0.02,201.08,13.545,14.845,0.0,1.842,0.882,2.088,0.037,-2.497,2.298,-1.087,0.277,36.179,2.491,14.525,0,0.433,0.223,1.941,0.052,0.043,0.071,0.599,0.549,0.131,0.078,1.677,0.094,0.524,0.208,2.516,0.012,80.722,1.368,58.986,0.0,-2.336,0.291,-8.03,0.0,3.824,0.083,46.037,0.0,-0.037,0.027,-1.355,0.175,-0.2,0.056,-3.567,0.0,-0.245,0.283,-0.867,0.386,-0.053,0.025,-2.092,0.036,-1.389,0.127,-10.965,0.0,-0.028,0.028,-0.998,0.318,0.042,0.009,4.859,0.0,0.018,0.005,3.365,0.001,0.126,0.115,1.1,0.271,-0.001,0.024,-0.043,0.965,-0.016,0.005,-3.053,0.002,0.0,0.003,0.129,0.898,59.477,7.297,8.151,0.0,-0.541,1.655,-0.327,0.744,-1.272,0.442,-2.879,0.004,-0.016,0.17,-0.095,0.924,0.269,1.118,0.24,0.81,-0.132,0.249,-0.532,0.595,0.05,0.057,0.879,0.379,0.061,0.026,2.338,0.019,1.383,1.219,1.135,0.256,0.025,0.252,0.099,0.921,0.096,0.08,1.19,0.234,-0.002,0.03,-0.056,0.956,-3.016,1.778,-1.696,0.09,-0.354,0.389,-0.909,0.363,0.318,0.1,3.169,0.002,-0.028,0.038,-0.744,0.457,grip,gait,gait,gait,gait
Mplus VERSION 5.1,0.1,09/01/2015,12:24 PM,b1_male_aehplus_grip_tug.out, f:\IALSA\IALSA_retour.dat,C:/Users/koval_000/Documents/GitHub/IALSA-2015-Portland/studies/nuage/physical/b1_male_aehplus_grip_tug.out,nuage,b1,male,aehplus,847,4,NA,NA,-16992.737,34075.474,34288.851,34145.945,NA,TRUE,TRUE,NA,0,-5.71,1.35,-4.23,0.0,-0.203,0.105,-1.925,0.054,-1.208,0.434,-2.785,0.005,-0.158,0.255,-0.619,0.536,-0.359,0.196,-1.833,0.067,201.231,13.568,14.831,0.0,1.811,0.883,2.052,0.04,-2.52,2.289,-1.101,0.271,36.201,2.492,14.524,0,2.567,0.648,3.959,0.0,0.4,0.274,1.461,0.144,0.632,0.349,1.808,0.071,2.011,0.649,3.099,0.002,80.732,1.369,58.959,0.0,-2.35,0.29,-8.09,0.0,9.687,0.189,51.3,0.0,0.098,0.057,1.703,0.089,-0.251,0.049,-5.127,0.0,-0.238,0.119,-1.997,0.046,-0.042,0.022,-1.944,0.052,-1.391,0.127,-10.968,0.0,-0.028,0.028,-0.995,0.32,0.139,0.019,7.417,0.0,0.048,0.012,3.887,0.0,0.125,0.115,1.095,0.274,-0.001,0.024,-0.036,0.972,-0.015,0.014,-1.042,0.298,-0.001,0.008,-0.189,0.85,59.554,7.299,8.159,0.0,-0.567,1.653,-0.343,0.731,-1.012,1.185,-0.854,0.393,0.499,0.479,1.041,0.298,0.263,1.119,0.235,0.814,-0.123,0.249,-0.495,0.621,-0.044,0.145,-0.305,0.761,0.086,0.065,1.326,0.185,1.38,1.22,1.131,0.258,0.034,0.252,0.137,0.891,0.029,0.178,0.165,0.869,-0.157,0.077,-2.049,0.04,-3.017,1.779,-1.696,0.09,-0.344,0.388,-0.885,0.376,0.877,0.234,3.747,0.0,0.178,0.174,1.022,0.307,grip,tug,tug,tug,gait
Mplus VERSION 7.31,0.1,10/07/2016,11:32 AM,b1_female_aehplus_grip_gait.out, octomult_151015.dat,C:/Users/koval_000/Documents/GitHub/IALSA-2015-Portland/studies/octo/physical/b1_female_aehplus_grip_gait.out,octo,b1,female,aehplus,270,5,NA,41,-4127.848,8337.696,8485.231,8355.233,8352.80126315789,TRUE,TRUE,NA,0,-2.079,0.951,-2.186,0.029,-0.006,0.052,-0.11,0.913,-0.341,0.351,-0.971,0.332,0.128,0.16,0.799,0.424,-0.171,0.253,-0.675,0.5,3.195,0.395,8.081,0.0,0.018,0.008,2.197,0.028,-0.037,0.052,-0.709,0.479,1.264,0.063,20.182,0,12.367,2.765,4.473,0.0,0.964,0.204,4.731,0.0,3.178,0.47,6.765,0.0,11.25,0.573,19.63,0.0,9.179,0.286,32.099,0.0,-0.332,0.035,-9.595,0.0,10.286,0.966,10.648,0.0,0.534,0.323,1.651,0.099,-0.331,0.141,-2.352,0.019,-0.043,0.398,-0.109,0.913,-0.045,0.067,-0.678,0.498,-0.154,0.056,-2.768,0.006,-0.004,0.008,-0.414,0.679,0.321,0.175,1.838,0.066,-0.005,0.069,-0.073,0.942,0.171,0.082,2.083,0.037,-0.009,0.012,-0.746,0.455,-0.315,0.306,-1.031,0.303,-0.031,0.112,-0.28,0.78,0.092,0.025,3.72,0.0,-0.002,0.004,-0.592,0.554,-0.044,0.084,-0.526,0.599,0.009,0.034,0.253,0.8,-0.515,0.373,-1.381,0.167,0.011,0.059,0.184,0.854,0.036,0.992,0.037,0.971,0.07,0.449,0.156,0.876,-0.162,0.284,-0.572,0.567,0.0,0.041,0.003,0.998,0.715,0.859,0.833,0.405,-0.18,0.351,-0.512,0.609,-0.015,0.55,-0.027,0.978,-0.05,0.071,-0.703,0.482,1.696,1.706,0.994,0.32,1.086,0.464,2.339,0.019,grip,gait,gait,gait,gait
Mplus VERSION 7.31,0.1,10/07/2016,11:36 AM,b1_female_aehplus_grip_pef.out, octomult_151015.dat,C:/Users/koval_000/Documents/GitHub/IALSA-2015-Portland/studies/octo/physical/b1_female_aehplus_grip_pef.out,octo,b1,female,aehplus,270,5,NA,41,-5668.556,11419.111,11566.647,11436.649,11434.2162631579,TRUE,TRUE,NA,0,44.944,13.12,3.426,0.001,0.231,0.272,0.849,0.396,-3.163,2.233,-1.417,0.157,0.023,2.093,0.011,0.991,1.287,3.134,0.411,0.681,3.177,0.347,9.15,0.0,0.017,0.008,2.097,0.036,-0.031,0.045,-0.684,0.494,1.271,0.066,19.352,0,4263.734,740.086,5.761,0.0,27.155,16.405,1.655,0.098,-154.086,92.105,-1.673,0.094,2119.941,173.136,12.244,0.0,9.186,0.27,33.97,0.0,-0.333,0.035,-9.39,0.0,327.881,12.433,26.372,0.0,-7.066,2.046,-3.453,0.001,0.386,0.1,3.873,0.0,0.344,0.401,0.859,0.391,0.025,0.06,0.413,0.68,-0.155,0.053,-2.937,0.003,-0.003,0.008,-0.428,0.669,-6.623,2.26,-2.931,0.003,0.942,0.416,2.263,0.024,0.171,0.079,2.169,0.03,-0.009,0.013,-0.705,0.481,5.828,3.147,1.852,0.064,-0.26,0.58,-0.449,0.653,0.091,0.025,3.706,0.0,-0.002,0.004,-0.534,0.593,2.595,0.979,2.652,0.008,-0.209,0.132,-1.58,0.114,-0.513,0.359,-1.431,0.153,0.008,0.057,0.135,0.893,-35.445,13.482,-2.629,0.009,-3.376,2.583,-1.307,0.191,-0.163,0.289,-0.563,0.573,0.0,0.043,0.009,0.993,2.339,11.873,0.197,0.844,-2.718,2.284,-1.19,0.234,-0.022,0.533,-0.04,0.968,-0.039,0.072,-0.544,0.586,1.194,32.573,0.037,0.971,3.532,6.765,0.522,0.602,grip,pef,pef,pef,pulmonary
Mplus VERSION 7.31,0.1,10/07/2016,11:37 AM,b1_female_aehplus_pef_gait.out, octomult_151015.dat,C:/Users/koval_000/Documents/GitHub/IALSA-2015-Portland/studies/octo/physical/b1_female_aehplus_pef_gait.out,octo,b1,female,aehplus,263,5,NA,41,-6297.043,12676.086,12822.545,12692.555,12691.669710407201,TRUE,TRUE,NA,0,-79.933,42.161,-1.896,0.058,-3.79,3.352,-1.131,0.258,-12.074,17.655,-0.684,0.494,-6.594,8.14,-0.81,0.418,-3.431,14.411,-0.238,0.812,4215.375,737.226,5.718,0.0,39.57,23.903,1.655,0.098,-126.122,97.27,-1.297,0.195,2105.133,165.789,12.698,0,12.113,2.635,4.597,0.0,1.067,0.224,4.763,0.0,3.301,0.376,8.777,0.0,11.121,0.694,16.03,0.0,327.168,12.786,25.588,0.0,-7.538,2.139,-3.523,0.0,10.305,0.964,10.694,0.0,0.54,0.335,1.613,0.107,-0.354,0.171,-2.07,0.038,-0.583,0.403,-1.447,0.148,-0.022,0.094,-0.239,0.811,-6.12,2.332,-2.625,0.009,0.82,0.443,1.85,0.064,0.315,0.165,1.903,0.057,-0.007,0.067,-0.11,0.912,5.664,3.167,1.789,0.074,-0.159,0.605,-0.262,0.793,-0.306,0.3,-1.021,0.307,-0.03,0.113,-0.268,0.789,2.618,1.016,2.578,0.01,-0.252,0.174,-1.445,0.148,-0.043,0.083,-0.52,0.603,0.011,0.035,0.308,0.758,-34.607,13.898,-2.49,0.013,-3.868,2.872,-1.346,0.178,0.006,0.968,0.007,0.995,0.078,0.454,0.173,0.863,3.245,11.915,0.272,0.785,-2.27,2.348,-0.967,0.334,0.741,0.83,0.893,0.372,-0.191,0.346,-0.553,0.58,1.859,26.427,0.07,0.944,1.14,5.873,0.194,0.846,1.679,1.549,1.084,0.278,1.013,0.509,1.99,0.047,pef,gait,gait,gait,gait
Mplus VERSION 7.31,0.1,10/07/2016,11:22 AM,b1_male_aehplus_grip_gait.out, octomult_151015.dat,C:/Users/koval_000/Documents/GitHub/IALSA-2015-Portland/studies/octo/physical/b1_male_aehplus_grip_gait.out,octo,b1,male,aehplus,138,5,NA,41,-1835.356,3752.711,3872.728,3743.018,3788.586,TRUE,TRUE,NA,0,-1.566,0.983,-1.594,0.111,-0.045,0.036,-1.238,0.216,-0.206,0.258,-0.796,0.426,0.199,0.172,1.16,0.246,-0.386,0.254,-1.519,0.129,4.475,0.827,5.412,0.0,0.045,0.026,1.727,0.084,-0.163,0.13,-1.256,0.209,1.543,0.159,9.721,0,4.569,1.636,2.793,0.005,0.092,0.095,0.969,0.333,-0.063,0.283,-0.222,0.825,6.039,0.634,9.529,0.0,10.757,0.73,14.733,0.0,-0.103,0.147,-0.701,0.483,9.139,1.336,6.842,0.0,0.191,0.29,0.66,0.509,-0.346,0.192,-1.802,0.072,-0.7,0.531,-1.318,0.187,-0.126,0.079,-1.599,0.11,-0.16,0.108,-1.483,0.138,-0.059,0.021,-2.748,0.006,0.282,0.165,1.707,0.088,-0.003,0.045,-0.075,0.94,-0.133,0.129,-1.031,0.303,-0.001,0.016,-0.088,0.93,-0.075,0.105,-0.721,0.471,0.006,0.039,0.152,0.879,0.109,0.034,3.183,0.001,-0.009,0.009,-1.029,0.304,-0.058,0.061,-0.965,0.334,0.011,0.015,0.724,0.469,0.119,0.621,0.192,0.848,0.017,0.113,0.147,0.883,1.054,0.851,1.239,0.215,-0.111,0.208,-0.531,0.595,-0.417,0.499,-0.835,0.404,-0.233,0.097,-2.399,0.016,1.257,0.764,1.646,0.1,0.24,0.176,1.365,0.172,-1.551,0.865,-1.792,0.073,-0.078,0.175,-0.444,0.657,1.308,1.232,1.061,0.288,0.115,0.362,0.319,0.75,grip,gait,gait,gait,gait
Mplus VERSION 7.31,0.1,10/07/2016,11:41 AM,b1_male_aehplus_grip_pef.out, octomult_151015.dat,C:/Users/koval_000/Documents/GitHub/IALSA-2015-Portland/studies/octo/physical/b1_male_aehplus_grip_pef.out,octo,b1,male,aehplus,138,5,NA,41,-2923.981,5929.962,6049.979,5920.269,5965.837,TRUE,TRUE,NA,0,28.286,25.483,1.11,0.267,0.097,0.891,0.109,0.914,1.062,5.939,0.179,0.858,-0.312,5.114,-0.061,0.951,10.214,6.702,1.524,0.127,4.422,0.843,5.243,0.0,0.038,0.023,1.705,0.088,-0.145,0.121,-1.198,0.231,1.573,0.156,10.079,0,8263.239,1871.135,4.416,0.0,23.603,46.253,0.51,0.61,-228.445,274.333,-0.833,0.405,3395.043,374.895,9.056,0.0,12.073,0.608,19.844,0.0,-0.23,0.124,-1.846,0.065,466.516,24.652,18.924,0.0,-4.51,5.851,-0.771,0.441,0.148,0.13,1.142,0.253,0.101,0.914,0.111,0.912,0.14,0.09,1.546,0.122,-0.163,0.107,-1.531,0.126,-0.054,0.02,-2.634,0.008,-11.406,4.261,-2.677,0.007,-0.01,0.968,-0.011,0.992,-0.134,0.115,-1.163,0.245,-0.001,0.017,-0.03,0.976,6.933,6.41,1.082,0.279,-0.442,0.809,-0.547,0.585,0.109,0.035,3.088,0.002,-0.01,0.008,-1.168,0.243,2.092,2.093,1.0,0.317,0.2,0.367,0.544,0.586,0.119,0.639,0.187,0.852,0.018,0.1,0.181,0.857,-35.085,26.57,-1.32,0.187,-4.628,4.988,-0.928,0.354,-0.417,0.53,-0.785,0.432,-0.23,0.086,-2.658,0.008,-21.398,23.358,-0.916,0.36,-2.296,4.565,-0.503,0.615,-1.566,0.814,-1.923,0.054,-0.068,0.186,-0.366,0.714,38.772,53.754,0.721,0.471,-5.171,13.137,-0.394,0.694,grip,pef,pef,pef,pulmonary
Mplus VERSION 7.31,0.1,10/07/2016,10:28 AM,b1_male_aehplus_pef_gait.out, octomult_151015.dat,C:/Users/koval_000/Documents/GitHub/IALSA-2015-Portland/studies/octo/physical/b1_male_aehplus_pef_gait.out,octo,b1,male,aehplus,132,5,NA,41,-3030.664,6143.328,6261.523,6131.839,6181.59466666667,TRUE,TRUE,NA,0,-70.866,37.274,-1.901,0.057,-1.34,1.952,-0.686,0.493,8.509,9.301,0.915,0.36,2.546,9.41,0.271,0.787,-6.484,18.411,-0.352,0.725,8329.506,1906.203,4.37,0.0,36.142,47.751,0.757,0.449,-268.956,248.209,-1.084,0.279,3319.166,395.914,8.384,0,4.248,1.683,2.524,0.012,0.079,0.088,0.896,0.37,0.01,0.251,0.04,0.968,6.104,0.698,8.746,0.0,443.447,31.422,14.113,0.0,-7.542,7.098,-1.062,0.288,9.168,1.379,6.651,0.0,0.184,0.296,0.624,0.533,-0.377,0.201,-1.871,0.061,-0.792,1.101,-0.719,0.472,-0.046,0.129,-0.353,0.724,-11.398,4.377,-2.604,0.009,0.166,1.027,0.161,0.872,0.27,0.167,1.614,0.107,-0.006,0.047,-0.128,0.898,7.045,7.474,0.943,0.346,-0.579,0.969,-0.597,0.55,-0.087,0.106,-0.821,0.412,0.007,0.038,0.181,0.856,2.132,1.977,1.079,0.281,0.224,0.354,0.633,0.527,-0.057,0.058,-0.982,0.326,0.007,0.015,0.466,0.641,-38.37,27.868,-1.377,0.169,-4.058,5.582,-0.727,0.467,1.057,0.917,1.153,0.249,-0.096,0.219,-0.439,0.661,-19.934,25.026,-0.797,0.426,-2.701,5.302,-0.509,0.611,1.237,0.774,1.598,0.11,0.248,0.187,1.328,0.184,39.273,63.42,0.619,0.536,-5.698,23.171,-0.246,0.806,1.25,1.197,1.044,0.296,0.114,0.681,0.168,0.867,pef,gait,gait,gait,gait
Mplus VERSION 7.3 (Mac),0.1,10/26/2015, 1:56 PM,b1_female_aehplus_gait_fev.out, satsa.dat,C:/Users/koval_000/Documents/GitHub/IALSA-2015-Portland/studies/satsa/physical/b1_female_aehplus_gait_fev.out,satsa,b1,female,aehplus,366,7,NA,41,-3533.04,7148.081,7308.089,7178.012,7158.71062962963,TRUE,TRUE,NA,0,-0.241,0.157,-1.539,0.124,-0.001,0.001,-0.947,0.344,0.009,0.014,0.631,0.528,0.013,0.02,0.629,0.529,-0.03,0.041,-0.735,0.462,4.879,1.108,4.405,0.0,0.088,0.011,8.06,0.0,-0.503,0.127,-3.948,0.0,8.545,0.206,41.403,0,0.084,0.013,6.462,0.0,0.0,0.0,2.494,0.013,0.0,0.001,-0.345,0.73,0.058,0.002,34.237,0.0,10.772,0.498,21.652,0.0,0.12,0.063,1.906,0.057,1.85,0.045,41.319,0.0,-0.03,0.004,-7.223,0.0,-0.377,0.232,-1.619,0.105,-0.375,0.362,-1.034,0.301,-0.042,0.058,-0.735,0.462,0.145,0.046,3.177,0.001,0.006,0.006,0.907,0.365,-0.034,0.003,-10.287,0.0,0.0,0.0,1.393,0.164,-0.372,0.481,-0.774,0.439,-0.002,0.056,-0.035,0.972,0.045,0.038,1.19,0.234,0.0,0.003,0.07,0.945,-0.01,0.051,-0.188,0.851,0.0,0.006,0.069,0.945,0.02,0.004,4.666,0.0,0.0,0.0,-0.269,0.788,-0.041,0.687,-0.059,0.953,0.072,0.082,0.873,0.383,-0.114,0.052,-2.182,0.029,0.002,0.004,0.465,0.642,0.223,0.95,0.235,0.814,-0.001,0.126,-0.004,0.997,-0.184,0.073,-2.506,0.012,0.002,0.008,0.26,0.795,2.083,1.611,1.293,0.196,0.183,0.292,0.627,0.531,-0.115,0.264,-0.436,0.663,-0.002,0.021,-0.09,0.928,gait,fev,fev,fev,pulmonary
Mplus VERSION 7.3 (Mac),0.1,10/26/2015, 1:56 PM,b1_female_aehplus_gait_grip.out, satsa.dat,C:/Users/koval_000/Documents/GitHub/IALSA-2015-Portland/studies/satsa/physical/b1_female_aehplus_gait_grip.out,satsa,b1,female,aehplus,366,7,NA,41,-6914.007,13910.014,14070.022,13939.945,13920.6436296296,TRUE,TRUE,NA,0,-1.058,2.671,-0.396,0.692,-0.001,0.022,-0.053,0.957,-0.045,0.181,-0.246,0.806,-0.066,0.329,-0.2,0.841,-0.077,0.709,-0.108,0.914,4.992,1.168,4.274,0.0,0.089,0.012,7.55,0.0,-0.517,0.134,-3.868,0.0,8.547,0.277,30.817,0,8.259,4.081,2.024,0.043,0.016,0.022,0.748,0.454,0.293,0.264,1.11,0.267,22.484,1.292,17.398,0.0,10.772,0.493,21.831,0.0,0.119,0.062,1.925,0.054,21.73,0.691,31.441,0.0,-0.587,0.063,-9.314,0.0,-0.165,0.421,-0.392,0.695,-0.031,0.587,-0.053,0.957,-0.006,0.051,-0.108,0.914,0.144,0.044,3.3,0.001,0.006,0.006,0.969,0.333,-0.17,0.053,-3.229,0.001,-0.014,0.005,-2.84,0.005,-0.329,0.494,-0.667,0.505,-0.003,0.056,-0.052,0.959,0.768,0.546,1.407,0.16,0.002,0.05,0.037,0.97,-0.014,0.049,-0.281,0.779,0.001,0.006,0.118,0.906,0.172,0.076,2.267,0.023,-0.003,0.007,-0.438,0.662,0.027,0.691,0.04,0.968,0.067,0.082,0.813,0.416,0.646,0.876,0.737,0.461,0.003,0.078,0.034,0.973,0.192,0.923,0.208,0.835,-0.002,0.119,-0.017,0.986,-2.175,1.039,-2.094,0.036,-0.044,0.112,-0.395,0.693,2.082,1.792,1.162,0.245,0.186,0.284,0.654,0.513,-1.844,2.891,-0.638,0.524,-0.389,0.504,-0.772,0.44,gait,grip,grip,grip,grip
Mplus VERSION 7.3 (Mac),0.1,10/26/2015, 1:55 PM,b1_female_aehplus_grip_fev.out, satsa.dat,C:/Users/koval_000/Documents/GitHub/IALSA-2015-Portland/studies/satsa/physical/b1_female_aehplus_grip_fev.out,satsa,b1,female,aehplus,408,7,NA,41,-5084.31,10250.621,10415.083,10284.983,10260.0308360656,TRUE,TRUE,NA,0,0.063,0.116,0.541,0.589,0.0,0.001,0.075,0.94,0.013,0.009,1.463,0.144,0.012,0.008,1.456,0.145,0.17,0.044,3.868,0.0,13.674,2.392,5.716,0.0,0.018,0.011,1.651,0.099,0.097,0.137,0.708,0.479,21.6,1.056,20.451,0,0.086,0.01,8.29,0.0,0.0,0.0,4.645,0.0,-0.001,0.001,-1.259,0.208,0.057,0.001,38.306,0.0,21.51,0.451,47.72,0.0,-0.575,0.042,-13.553,0.0,1.802,0.035,50.961,0.0,-0.026,0.003,-8.205,0.0,0.058,0.106,0.545,0.585,0.027,0.355,0.076,0.94,0.153,0.039,3.932,0.0,-0.19,0.035,-5.438,0.0,-0.013,0.003,-4.012,0.0,-0.032,0.003,-12.276,0.0,0.0,0.0,1.359,0.174,0.301,0.39,0.772,0.44,0.023,0.034,0.689,0.491,0.043,0.033,1.309,0.19,0.0,0.002,-0.056,0.955,0.153,0.053,2.905,0.004,0.0,0.004,-0.089,0.929,0.016,0.003,4.768,0.0,0.0,0.0,0.624,0.533,0.255,0.632,0.403,0.687,0.022,0.055,0.401,0.688,-0.057,0.044,-1.302,0.193,-0.002,0.004,-0.655,0.513,-2.234,0.827,-2.702,0.007,0.011,0.072,0.155,0.877,-0.123,0.064,-1.921,0.055,-0.001,0.008,-0.065,0.948,-1.122,1.993,-0.563,0.573,-0.469,0.324,-1.448,0.148,-0.101,0.111,-0.905,0.365,-0.005,0.014,-0.351,0.725,grip,fev,fev,fev,pulmonary
Mplus VERSION 7.3 (Mac),0.1,10/26/2015, 1:57 PM,b1_male_aehplus_gait_fev.out, satsa.dat,C:/Users/koval_000/Documents/GitHub/IALSA-2015-Portland/studies/satsa/physical/b1_male_aehplus_gait_fev.out,satsa,b1,male,aehplus,265,7,NA,41,-2582.854,5247.708,5394.477,5264.485,5263.15194618834,TRUE,TRUE,NA,0,-0.061,0.202,-0.3,0.764,-0.001,0.001,-0.84,0.401,0.003,0.012,0.216,0.829,-0.009,0.025,-0.354,0.723,0.037,0.052,0.706,0.48,1.385,1.311,1.057,0.291,0.029,0.016,1.822,0.069,-0.136,0.138,-0.984,0.325,5.039,0.522,9.657,0,0.247,0.042,5.912,0.0,0.0,0.0,1.013,0.311,0.003,0.002,1.168,0.243,0.103,0.005,20.617,0.0,9.569,0.439,21.778,0.0,0.162,0.06,2.707,0.007,2.685,0.096,28.019,0.0,-0.057,0.008,-6.919,0.0,-0.104,0.34,-0.305,0.76,-0.552,0.622,-0.888,0.375,0.051,0.073,0.702,0.482,0.096,0.035,2.735,0.006,0.004,0.004,0.956,0.339,-0.034,0.007,-4.814,0.0,-0.001,0.0,-1.75,0.08,-0.311,0.294,-1.057,0.291,-0.004,0.038,-0.116,0.907,0.027,0.053,0.503,0.615,0.001,0.003,0.48,0.631,0.004,0.044,0.083,0.934,-0.003,0.006,-0.553,0.58,0.038,0.008,4.863,0.0,0.0,0.001,-0.795,0.426,-0.491,0.468,-1.049,0.294,0.006,0.063,0.097,0.923,-0.115,0.097,-1.19,0.234,0.003,0.007,0.384,0.701,0.694,0.639,1.086,0.278,-0.064,0.093,-0.689,0.491,-0.247,0.15,-1.652,0.099,0.002,0.009,0.24,0.81,-0.144,2.576,-0.056,0.956,-0.01,0.391,-0.026,0.979,-0.704,0.559,-1.26,0.208,0.029,0.089,0.324,0.746,gait,fev,fev,fev,pulmonary
Mplus VERSION 7.3 (Mac),0.1,10/26/2015, 1:56 PM,b1_male_aehplus_gait_grip.out, satsa.dat,C:/Users/koval_000/Documents/GitHub/IALSA-2015-Portland/studies/satsa/physical/b1_male_aehplus_gait_grip.out,satsa,b1,male,aehplus,265,7,NA,41,-4966.384,10014.769,10161.538,10031.546,10030.2129461883,TRUE,TRUE,NA,0,-2.814,2.503,-1.124,0.261,-0.017,0.02,-0.854,0.393,-0.073,0.174,-0.42,0.675,0.079,0.277,0.284,0.776,-0.317,0.969,-0.327,0.744,1.425,1.369,1.041,0.298,0.028,0.016,1.728,0.084,-0.124,0.139,-0.893,0.372,4.978,0.548,9.082,0,21.489,7.246,2.965,0.003,0.06,0.053,1.148,0.251,0.715,0.543,1.317,0.188,34.419,2.65,12.988,0.0,9.611,0.433,22.19,0.0,0.154,0.058,2.668,0.008,37.992,1.204,31.562,0.0,-1.015,0.118,-8.601,0.0,-0.508,0.487,-1.044,0.296,-0.416,0.461,-0.901,0.368,-0.024,0.074,-0.328,0.743,0.098,0.036,2.747,0.006,0.005,0.005,0.95,0.342,-0.311,0.075,-4.161,0.0,-0.029,0.008,-3.539,0.0,-0.352,0.314,-1.121,0.262,0.001,0.04,0.032,0.975,0.696,0.659,1.056,0.291,-0.021,0.059,-0.353,0.724,0.002,0.042,0.049,0.961,-0.003,0.005,-0.561,0.575,0.411,0.098,4.205,0.0,-0.005,0.008,-0.648,0.517,-0.528,0.482,-1.094,0.274,0.011,0.061,0.186,0.853,2.559,1.223,2.092,0.036,-0.044,0.11,-0.405,0.685,0.589,0.64,0.92,0.358,-0.047,0.096,-0.485,0.628,-0.271,1.646,-0.164,0.869,-0.003,0.143,-0.021,0.983,-0.194,7.134,-0.027,0.978,-0.001,1.273,-0.001,0.999,-0.337,8.688,-0.039,0.969,-0.685,3.57,-0.192,0.848,gait,grip,grip,grip,grip
Mplus VERSION 7.3 (Mac),0.1,10/26/2015, 1:56 PM,b1_male_aehplus_grip_fev.out, satsa.dat,C:/Users/koval_000/Documents/GitHub/IALSA-2015-Portland/studies/satsa/physical/b1_male_aehplus_grip_fev.out,satsa,b1,male,aehplus,299,7,NA,41,-4247.35,8576.7,8728.418,8598.391,8590.10077821012,TRUE,TRUE,NA,0,0.643,0.33,1.95,0.051,0.002,0.001,1.483,0.138,0.022,0.019,1.17,0.242,0.021,0.024,0.872,0.383,0.277,0.077,3.585,0.0,35.335,5.328,6.632,0.0,0.035,0.031,1.144,0.253,0.343,0.345,0.994,0.32,35.131,2.326,15.106,0,0.273,0.035,7.786,0.0,0.0,0.0,2.385,0.017,0.001,0.002,0.701,0.483,0.09,0.004,23.491,0.0,36.889,0.843,43.736,0.0,-0.97,0.08,-12.107,0.0,2.542,0.073,34.802,0.0,-0.046,0.007,-6.832,0.0,0.207,0.099,2.09,0.037,0.745,0.446,1.67,0.095,0.155,0.042,3.665,0.0,-0.474,0.059,-7.989,0.0,-0.02,0.006,-3.076,0.002,-0.041,0.006,-7.276,0.0,0.0,0.0,-1.024,0.306,0.053,0.566,0.093,0.926,0.002,0.043,0.044,0.965,0.04,0.043,0.936,0.349,0.0,0.003,0.047,0.963,0.371,0.088,4.238,0.0,-0.002,0.007,-0.289,0.773,0.036,0.007,5.196,0.0,0.0,0.0,-0.461,0.645,1.635,1.049,1.559,0.119,0.027,0.079,0.345,0.73,-0.117,0.083,-1.416,0.157,0.001,0.006,0.171,0.864,-0.409,1.485,-0.275,0.783,0.069,0.101,0.679,0.497,-0.275,0.127,-2.166,0.03,0.004,0.008,0.538,0.591,-2.518,3.431,-0.734,0.463,-0.175,0.49,-0.358,0.72,-0.427,0.266,-1.604,0.109,0.012,0.045,0.267,0.79,grip,fev,fev,fev,pulmonary
