domain,study,model_number,subgroup,model_type,physical,cognitive,$n$,Cov(Levels),ab_tau_00_est,ab_tau_00_se,ab_tau_00_pval,Corr(Levels)Est,er_tau_00_est,er_tau_00_se,er_tau_00_pval,CI(Levels)Est,er_tau_00_ci95lo,er_tau_00_ci95hi,Corr(Levels)Comp,cr_levels_est,cr_levels_ci95_lo,cr_levels_ci95_hi,Cov(Slopes),Corr(Slopes)Est,er_tau_11_est,er_tau_11_se,er_tau_11_pval,CI(Slopes)Est,er_tau_11_ci95lo,er_tau_11_ci95hi,Corr(Slopes)Comp,cr_slopes_est,cr_slopes_ci95_lo,cr_slopes_ci95_hi,Cov(Residuals),ab_sigma_00_est,ab_sigma_00_se,ab_sigma_00_pval,Corr(Resid)Est,er_sigma_00_est,er_sigma_00_se,er_sigma_00_pval,CI(Resid)Est,er_sigma_00_ci95lo,er_sigma_00_ci95hi,Corr(Residuals)Comp,cr_resid_est,cr_resid_ci95_lo,cr_resid_ci95_hi
attention,map,b1,male,aehplus,grip,digit_f,321,"1.78(1.67), $p$=.28  ",1.78,1.667,0.285," .08( .08), $p$=.28  ",0.082,0.076,0.276,"(-.07, .23)",-0.06695999999999998,0.23096," .08(-.03, .19)",0.08223862575964817,-0.027477623766028247,0.1899970443023066," .04( .08), $p$=.61  "," .25( .51), $p$=.62  ",0.251,0.508,0.621,"(-.74,1.25)",-0.74468,1.24668," .25( .15, .35)",0.2505221548281452,0.1450306501709544,0.3503820253839635," .05( .36), $p$=.88  ",0.053,0.356,0.881," .01( .05), $p$=.88  ",0.008,0.051,0.881,"(-.09, .11)",-0.09195999999999999,0.10796," .01(-.10, .12)",0.007592319145729137,-0.10196130349228757,0.11696398800970266
attention,octo,b1,male,aehplus,grip,digit_f,139,"-.29( .27), $p$=.28  ",-0.289,0.268,0.281,"-.15( .13), $p$=.25  ",-0.152,0.131,0.246,"(-.41, .10)",-0.40876,0.10475999999999999,"-.15(-.31, .01)",-0.15225358231018274,-0.31087363605303386,0.014617791211929104," .00( .01), $p$=.51  "," .24( .38), $p$=.52  ",0.241,0.376,0.522,"(-.50, .98)",-0.49595999999999996,0.9779599999999999," .23( .07, .38)",0.23112508176051214,0.06721071133530737,0.38289127102501225,"-.07( .07), $p$=.33  ",-0.066,0.067,0.329,"-.07( .07), $p$=.32  ",-0.073,0.074,0.319,"(-.22, .07)",-0.21804,0.07204,"-.07(-.24, .09)",-0.0737784396513618,-0.23736343440494648,0.09387555103601115
attention,satsa,b1,male,aehplus,grip,digit_f,299," .92( .62), $p$=.14  ",0.919,0.622,0.139," .19( .12), $p$=.12  ",0.19,0.121,0.117,"(-.05, .43)",-0.04715999999999998,0.42716," .19( .08, .30)",0.19011145652325628,0.07837116311226625,0.29713425436353924," .00( .00), $p$=.61  "," .40( .77), $p$=.60  ",0.402,0.772,0.602,"(-1.11,1.92)",-1.11112,1.91512,---,Inf,NaN,NaN," .17( .25), $p$=.49  ",0.174,0.252,0.489," .04( .05), $p$=.49  ",0.035,0.05,0.488,"(-.06, .13)",-0.063,0.133," .04(-.07, .15)",0.03966807004096529,-0.07409564871281264,0.15241260090245765
attention,hrs,b1,male,aehplus,grip,serial7,3288," .82( .21), $p$<.01 ***",0.818,0.207,0.0," .15( .04), $p$<.01 ***",0.155,0.039,0.0,"( .08, .23)",0.07856,0.23143999999999998," .16( .12, .19)",0.1551755240450219,0.12163765826704095,0.1883594721674629," .02( .01), $p$<.01 **"," .30( .11), $p$=.01 **",0.304,0.112,0.007,"( .08, .52)",0.08448,0.52352," .31( .28, .34)",0.30924365973482226,0.2779992846169799,0.3398343822149912,"-.17( .12), $p$=.17  ",-0.168,0.123,0.17,"-.04( .03), $p$=.17  ",-0.038,0.027,0.17,"(-.09, .01)",-0.09092,0.014920000000000003,"-.04(-.07,-.00)",-0.037504798097151314,-0.071596087581493,-0.003325984331231981
episodic memory,map,b1,male,aehplus,grip,bstory_de,321,"1.82(1.79), $p$=.31  ",1.824,1.788,0.307," .10( .09), $p$=.30  ",0.095,0.092,0.302,"(-.09, .28)",-0.08531999999999998,0.27532," .09(-.01, .20)",0.09487867795198923,-0.014743330436736866,0.20224696811000636,"-.08( .13), $p$=.50  ","-.55( .51), $p$=.28  ",-0.548,0.506,0.279,"(-1.54, .44)",-1.53976,0.44375999999999993,"-.56(-.63,-.48)",-0.5612058880865528,-0.631856904699701,-0.4813058293646848," .41( .43), $p$=.34  ",0.411,0.433,0.342," .04( .05), $p$=.34  ",0.044,0.046,0.339,"(-.05, .13)",-0.04615999999999999,0.13416," .04(-.07, .15)",0.04396094230454114,-0.06582470986231768,0.15269500002442774
episodic memory,map,b1,male,aehplus,grip,logic_de,321,"-2.80(4.09), $p$=.49  ",-2.8,4.091,0.494,"-.06( .08), $p$=.49  ",-0.058,0.084,0.492,"(-.22, .11)",-0.22264,0.10664000000000001,"-.06(-.17, .05)",-0.057982123335524494,-0.16639485585044536,0.051815643176608424,"-.05( .18), $p$=.77  ","-.07( .23), $p$=.77  ",-0.067,0.227,0.768,"(-.51, .38)",-0.5119199999999999,0.37792,"-.07(-.17, .04)",-0.06675463195865365,-0.17494509140036882,0.043028682786043645," .60( .60), $p$=.32  ",0.601,0.603,0.319," .04( .04), $p$=.32  ",0.045,0.045,0.32,"(-.04, .13)",-0.0432,0.13319999999999999," .04(-.06, .15)",0.04493045492724843,-0.0648574257382587,0.15364364102561506
episodic memory,eas,b1,male,aehplus,grip,logic_tot,217,"-3.83(8.66), $p$=.66  ",-3.834,8.665,0.658,"-.12( .26), $p$=.66  ",-0.117,0.263,0.657,"(-.63, .40)",-0.63248,0.39848000000000006,"-.12(-.25, .02)",-0.11659765490674656,-0.24596251751154227,0.016848395774452202," .03( .58), $p$=.95  "," .03( .49), $p$=.95  ",0.029,0.487,0.953,"(-.93, .98)",-0.9255199999999999,0.98352," .03(-.11, .16)",0.028464513065623618,-0.10511840601576802,0.16103842377000432,"1.94(1.67), $p$=.24  ",1.943,1.672,0.245," .13( .11), $p$=.24  ",0.131,0.112,0.242,"(-.09, .35)",-0.08851999999999999,0.35052," .13(-.00, .26)",0.13149362785050192,-0.0017209226072893143,0.26012253954164766
episodic memory,octo,b1,male,aehplus,grip,mir,139,"1.07( .48), $p$=.03 *",1.07,0.484,0.027," .36( .15), $p$=.01 *",0.365,0.148,0.014,"( .07, .66)",0.07491999999999999,0.65508," .36( .21, .50)",0.36470482003777394,0.21101778185954356,0.5007954984378243," .03( .02), $p$=.05 *"," .56( .28), $p$=.05 *",0.558,0.28,0.046,"( .01,1.11)",0.009199999999999986,1.1068000000000002," .56( .44, .67)",0.562244093835259,0.4366167704554753,0.6663638519577779," .01( .16), $p$=.93  ",0.015,0.162,0.927," .01( .09), $p$=.93  ",0.009,0.093,0.927,"(-.17, .19)",-0.17328,0.19128," .01(-.16, .17)",0.008572870334533063,-0.15815368410680633,0.17482413562133603
episodic memory,octo,b1,male,aehplus,grip,mir_recog,139," .15( .27), $p$=.57  ",0.153,0.269,0.57," .09( .16), $p$=.60  ",0.086,0.162,0.597,"(-.23, .40)",-0.23152000000000003,0.40352," .09(-.08, .25)",0.08598931326027615,-0.0816809439904411,0.24892617251729526,"-.01( .01), $p$=.47  ","-.34( .40), $p$=.39  ",-0.342,0.395,0.386,"(-1.12, .43)",-1.1162,0.4322,"-.35(-.49,-.20)",-0.35136418446315326,-0.4892430871645521,-0.19635034756815115," .04( .07), $p$=.58  ",0.039,0.07,0.577," .03( .05), $p$=.57  ",0.029,0.051,0.574,"(-.07, .13)",-0.07096,0.12896," .03(-.14, .19)",0.028597402075800204,-0.1385631726401412,0.19417365354240648
episodic memory,elsa,b1,male,aehplus,grip,word_de,3045," .29( .26), $p$=.27  ",0.289,0.262,0.27," .04( .04), $p$=.27  ",0.04,0.036,0.269,"(-.03, .11)",-0.030559999999999997,0.11055999999999999," .04( .00, .08)",0.03963525773155864,0.004120013559554915,0.07505063968503545,"-.01( .00), $p$=.12  ","-.51( .40), $p$=.21  ",-0.51,0.404,0.207,"(-1.30, .28)",-1.3018399999999999,0.28184,"-.50(-.53,-.47)",-0.5,-0.5261758861004594,-0.4728775068440602," .15( .12), $p$=.22  ",0.153,0.125,0.222," .03( .02), $p$=.22  ",0.028,0.023,0.223,"(-.02, .07)",-0.017079999999999994,0.07307999999999999," .03(-.01, .06)",0.027582061976353874,-0.007946768500097063,0.06304134230160674
episodic memory,hrs,b1,male,aehplus,grip,word_de,3290,"1.04( .23), $p$<.01 ***",1.04,0.234,0.0," .15( .03), $p$<.01 ***",0.15,0.033,0.0,"( .09, .21)",0.085319999999999993,0.21467999999999998," .15( .12, .18)",0.1497929945989888,0.11621519546988862,0.1830287863951409," .00( .01), $p$=.39  "," .28( .35), $p$=.42  ",0.279,0.347,0.421,"(-.40, .96)",-0.4011199999999999,0.95912," .29( .26, .32)",0.28867513459481287,0.2570380801583816,0.31969409965510065," .14( .12), $p$=.22  ",0.142,0.117,0.224," .03( .02), $p$=.22  ",0.028,0.023,0.223,"(-.02, .07)",-0.017079999999999994,0.07307999999999999," .03(-.01, .06)",0.027992591123361332,-0.00618601112126914,0.06210586658746025
episodic memory,map,b1,male,aehplus,grip,word_de,321,"-.57(1.68), $p$=.73  ",-0.57,1.685,0.735,"-.02( .07), $p$=.73  ",-0.025,0.073,0.735,"(-.17, .12)",-0.16807999999999998,0.11807999999999999,"-.02(-.13, .09)",-0.024641563840561556,-0.13374965651496531,0.08505675571792826,"-.03( .10), $p$=.77  ","-.12( .42), $p$=.78  ",-0.118,0.421,0.779,"(-.94, .71)",-0.94316,0.70716,"-.12(-.23,-.01)",-0.11989645417608033,-0.22639392984770376,-0.010566255256260117,"-.12( .31), $p$=.70  ",-0.118,0.312,0.705,"-.02( .04), $p$=.71  ",-0.016,0.042,0.706,"(-.10, .07)",-0.09832,0.06632,"-.02(-.13, .09)",-0.016028141555368285,-0.1252772126109159,0.09360497640436469
episodic memory,map,b1,male,aehplus,grip,word_rec,321," .85(1.00), $p$=.40  ",0.848,1.003,0.398," .06( .07), $p$=.38  ",0.06,0.068,0.375,"(-.07, .19)",-0.07328000000000001,0.19328," .06(-.05, .17)",0.060106264796819464,-0.049689561150265724,0.1684666738738786," .03( .06), $p$=.60  "," .11( .21), $p$=.60  ",0.112,0.213,0.598,"(-.31, .53)",-0.30548,0.52948," .11( .00, .22)",0.11100605534088814,0.001556084135185642,0.21782795381153885,"-.07( .22), $p$=.76  ",-0.067,0.217,0.756,"-.02( .06), $p$=.76  ",-0.018,0.057,0.756,"(-.13, .09)",-0.12972,0.09372,"-.02(-.13, .09)",-0.0176177128952403,-0.12684196686761998,0.09202865305138419
executive function,eas,b1,male,aehplus,grip,trailsb,221,"65.59(99.53), $p$=.51  ",65.595,99.527,0.51," .23( .33), $p$=.49  ",0.228,0.334,0.494,"(-.43, .88)",-0.42664,0.88264," .23( .10, .35)",0.22848465341872198,0.09951409332949165,0.3499050728792998,"-2.80(5.96), $p$=.64  ","-.37( .81), $p$=.65  ",-0.369,0.807,0.648,"(-1.95,1.21)",-1.95072,1.21272,"-.37(-.48,-.25)",-0.3685997858701456,-0.47735052190478117,-0.24872779464557204,"-4.35(23.71), $p$=.85  ",-4.347,23.712,0.855,"-.03( .16), $p$=.85  ",-0.029,0.156,0.855,"(-.33, .28)",-0.33476,0.27675999999999995,"-.03(-.16, .10)",-0.028576595953625054,-0.1599446473098025,0.10378606013326358
fluency,eas,b1,male,aehplus,grip,categories,222,"3.04(11.79), $p$=.80  ",3.043,11.794,0.796," .07( .26), $p$=.80  ",0.068,0.263,0.795,"(-.45, .58)",-0.44748000000000004,0.58348," .07(-.06, .20)",0.06828362331654565,-0.06396459247060075,0.19817491226570977,"1.33( .79), $p$=.09 ."," .87( .55), $p$=.11  ",0.873,0.551,0.113,"(-.21,1.95)",-0.20696000000000003,1.95296," .87( .84, .90)",0.8735853416970754,0.8383451466704065,0.9015546889390282,"-2.01(2.28), $p$=.38  ",-2.008,2.28,0.378,"-.12( .13), $p$=.37  ",-0.116,0.128,0.366,"(-.37, .13)",-0.36688,0.13488,"-.12(-.24, .02)",-0.1159687408346165,-0.2439172361211643,0.015947885482829362
fluency,map,b1,male,aehplus,grip,categories,321,"1.41(7.82), $p$=.86  ",1.409,7.822,0.857," .01( .07), $p$=.86  ",0.013,0.072,0.857,"(-.13, .15)",-0.12811999999999998,0.15412," .01(-.10, .12)",0.012884864910388618,-0.09672043875566656,0.12218140932907867," .35( .38), $p$=.35  "," .25( .28), $p$=.36  ",0.254,0.279,0.364,"(-.29, .80)",-0.29284,0.80084," .25( .15, .35)",0.25357977515934743,0.14822550048117325,0.35324295114271004,"-.90(1.22), $p$=.46  ",-0.897,1.216,0.461,"-.04( .05), $p$=.46  ",-0.035,0.048,0.462,"(-.13, .06)",-0.12908,0.059079999999999994,"-.04(-.14, .07)",-0.03506298824787084,-0.14397923217471303,0.0746925850407965
fluency,eas,b1,male,aehplus,grip,fas,222,"-2.14(11.20), $p$=.85  ",-2.143,11.197,0.848,"-.04( .19), $p$=.85  ",-0.036,0.189,0.847,"(-.41, .33)",-0.40643999999999997,0.33444,"-.04(-.17, .10)",-0.03631230222226794,-0.16718602939713328,0.09581894470580925," .59( .97), $p$=.54  "," .66(1.21), $p$=.58  ",0.664,1.207,0.582,"(-1.70,3.03)",-1.70172,3.02972," .66( .58, .73)",0.6637770753968156,0.5830647578816273,0.7315146378149286,"-1.73(2.65), $p$=.51  ",-1.73,2.65,0.514,"-.08( .12), $p$=.51  ",-0.079,0.119,0.509,"(-.31, .15)",-0.31223999999999996,0.15424,"-.08(-.21, .05)",-0.07859320005487457,-0.2081126262272568,0.05363494983169523
fluency,ilse,b1,male,aehplus,grip,fluency,252,"9.48(13.28), $p$=.47  ",9.483,13.276,0.475," .07( .10), $p$=.47  ",0.074,0.102,0.468,"(-.13, .27)",-0.12591999999999998,0.27392," .07(-.05, .20)",0.0736547224866636,-0.05037663987823491,0.19544865094314975," .04( .15), $p$=.80  "," .19( .76), $p$=.80  ",0.194,0.764,0.799,"(-1.30,1.69)",-1.3034400000000002,1.69144," .19( .07, .31)",0.19140237482511793,0.06947270462311804,0.307697519174124,"13.29(5.00), $p$=.01 **",13.286,4.997,0.008," .21( .07), $p$<.01 **",0.208,0.074,0.005,"( .06, .35)",0.06295999999999999,0.35304," .21( .09, .32)",0.20825213330132047,0.08691600864420308,0.32349993406167554
fluid reasoning,satsa,b1,male,aehplus,grip,analogies,299,"1.99(1.84), $p$=.28  ",1.99,1.841,0.28," .13( .11), $p$=.27  ",0.126,0.114,0.267,"(-.10, .35)",-0.09744,0.34944," .13( .01, .24)",0.12637924289967845,0.013137247677512915,0.23642042068116118," .01( .01), $p$=.15  "," .69( .53), $p$=.19  ",0.689,0.53,0.193,"(-.35,1.73)",-0.3498,1.7277999999999998," .67( .60, .73)",0.6666666666666667,0.5984946384253752,0.7252531864010234,"2.35( .69), $p$<.01 ***",2.348,0.693,0.001," .17( .05), $p$<.01 ***",0.169,0.048,0.0,"( .07, .26)",0.07492000000000001,0.26308," .17( .06, .28)",0.16923038751066904,0.05689216050111245,0.2773369871203921
fluid reasoning,eas,b1,male,aehplus,grip,block,210,"3.94(13.52), $p$=.77  ",3.938,13.515,0.771," .08( .29), $p$=.77  ",0.083,0.287,0.773,"(-.48, .65)",-0.4795199999999999,0.6455199999999999," .08(-.05, .22)",0.0828964958267881,-0.053089785002301194,0.21586420051416086," .44( .71), $p$=.54  "," .64(1.24), $p$=.60  ",0.64,1.237,0.605,"(-1.78,3.06)",-1.78452,3.0645200000000004," .64( .55, .71)",0.6387582361205618,0.5510210717758512,0.7125279981290081," .07(2.20), $p$=.98  ",0.067,2.201,0.976," .00( .12), $p$=.98  ",0.004,0.118,0.976,"(-.23, .24)",-0.22727999999999998,0.23528," .00(-.13, .14)",0.0035989669130784227,-0.13185571518764924,0.13892170846565519
fluid reasoning,octo,b1,male,aehplus,grip,block,139,"3.62(1.16), $p$<.01 **",3.618,1.162,0.002," .30( .08), $p$<.01 ***",0.302,0.083,0.0,"( .14, .46)",0.13931999999999997,0.46468," .30( .14, .45)",0.3023116120868915,0.1430091904443254,0.44634555893885464,"-.01( .04), $p$=.75  ","-.25(1.09), $p$=.82  ",-0.253,1.087,0.816,"(-2.38,1.88)",-2.38352,1.8775199999999996,"-.25(-.40,-.08)",-0.24758202513348898,-0.39768905303199864,-0.08456730233059938," .52( .26), $p$=.04 *",0.52,0.257,0.043," .14( .06), $p$=.03 *",0.138,0.064,0.032,"( .01, .26)",0.012560000000000016,0.26344," .14(-.03, .30)",0.13807480996181778,-0.02909487613320006,0.2977309125751604
fluid reasoning,satsa,b1,male,aehplus,grip,block,298,"13.31(3.74), $p$<.01 ***",13.309,3.738,0.0," .40( .09), $p$<.01 ***",0.402,0.09,0.0,"( .23, .58)",0.22560000000000002,0.5784," .40( .30, .49)",0.4024799306706624,0.30270174727331645,0.4935314572487202," .03( .01), $p$=.05 *"," .79( .44), $p$=.07 .",0.792,0.445,0.075,"(-.08,1.66)",-0.08019999999999994,1.6642000000000001," .78( .73, .82)",0.7795844649455864,0.7306856325392783,0.8205255491354152,"2.52( .90), $p$<.01 **",2.515,0.905,0.005," .14( .05), $p$<.01 **",0.137,0.047,0.003,"( .04, .23)",0.04488000000000002,0.22912," .12( .01, .23)",0.12438559344545934,0.010919154717937227,0.23468953346222748
fluid reasoning,octo,b1,male,aehplus,grip,fig_logic,138,"3.21( .98), $p$<.01 ***",3.205,0.981,0.001," .57( .15), $p$<.01 ***",0.571,0.154,0.0,"( .27, .87)",0.26915999999999995,0.87284," .57( .45, .67)",0.5708565743372526,0.44632828450058964,0.6736956344870162," .04( .05), $p$=.44  "," .74(1.78), $p$=.68  ",0.741,1.782,0.677,"(-2.75,4.23)",-2.7517199999999997,4.23372," .74( .65, .80)",0.7354334034175296,0.647959171231027,0.8037605111213217,"-.18( .22), $p$=.43  ",-0.176,0.225,0.432,"-.05( .07), $p$=.43  ",-0.052,0.066,0.433,"(-.18, .08)",-0.18136,0.07736000000000001,"-.05(-.22, .12)",-0.051427728194003826,-0.21667053704146855,0.11667983445379625
fluid reasoning,map,b1,male,aehplus,grip,matrices,308,"1.54(2.09), $p$=.46  ",1.544,2.086,0.459," .06( .08), $p$=.45  ",0.059,0.078,0.446,"(-.09, .21)",-0.09387999999999999,0.21187999999999999," .06(-.05, .17)",0.05907312591505491,-0.05303541729662192,0.16971111467854708," .25( .11), $p$=.02 *"," .75( .12), $p$<.01 ***",0.753,0.122,0.0,"( .51, .99)",0.51388,0.99212," .76( .70, .80)",0.7561538914024005,0.7038777690133676,0.8002831289505471,"-.20( .54), $p$=.71  ",-0.201,0.538,0.709,"-.02( .05), $p$=.71  ",-0.02,0.054,0.711,"(-.13, .09)",-0.12584,0.08584,"-.02(-.13, .09)",-0.020035461931089158,-0.13149942515880525,0.09192878640361042
fluid reasoning,lasa,b1,male,aehplus,grip,raven,800,"2.65( .89), $p$<.01 **",2.65,0.886,0.003," .17( .05), $p$<.01 **",0.167,0.054,0.002,"( .06, .27)",0.061160000000000006,0.27284," .17( .10, .23)",0.16669556346459694,0.09851973661259045,0.2333139292978429," .02( .01), $p$=.02 *"," .93( .69), $p$=.18  ",0.926,0.692,0.181,"(-.43,2.28)",-0.4303199999999999,2.28232," .92( .91, .93)",0.9216353751380651,0.9104851769415186,0.9314465132512326," .70( .31), $p$=.03 *",0.696,0.312,0.026," .07( .03), $p$=.02 *",0.075,0.033,0.024,"( .01, .14)",0.010319999999999996,0.13968," .08( .01, .14)",0.07524476464290847,0.005961698404255236,0.14380888507097145
fluid reasoning,satsa,b1,male,aehplus,grip,rotate,299,"32.45(9.82), $p$<.01 ***",32.447,9.825,0.001," .36( .09), $p$<.01 ***",0.358,0.093,0.0,"( .18, .54)",0.17572,0.54028," .36( .25, .45)",0.35800983176197304,0.2549320916307969,0.4530424736962944,"-.01( .05), $p$=.80  ","-.13( .55), $p$=.81  ",-0.131,0.546,0.81,"(-1.20, .94)",-1.20116,0.93916,"-.13(-.24,-.02)",-0.13235651920167169,-0.24215136288054456,-0.019214672949797895,"6.04(3.15), $p$=.06 .",6.039,3.154,0.056," .10( .05), $p$=.05 .",0.097,0.05,0.052,"(-.00, .20)",-0.0010000000000000009,0.195," .10(-.02, .21)",0.09705389789121825,-0.016558715396928853,0.20819226032769853
fluid reasoning,ilse,b1,male,aehplus,grip,spatial_ab,252,"18.41(9.77), $p$=.06 .",18.414,9.769,0.059," .18( .10), $p$=.06 .",0.184,0.098,0.06,"(-.01, .38)",-0.008080000000000004,0.37607999999999997," .18( .06, .30)",0.18422550623532793,0.06206559826747594,0.30094720970179417," .17( .14), $p$=.22  "," .41( .33), $p$=.21  ",0.413,0.33,0.211,"(-.23,1.06)",-0.23380000000000006,1.0598," .41( .30, .51)",0.4108256505717477,0.30261566012997176,0.5085794964159153,"-1.59(2.61), $p$=.54  ",-1.59,2.612,0.543,"-.04( .07), $p$=.54  ",-0.043,0.07,0.544,"(-.18, .09)",-0.18020000000000003,0.09420000000000002,"-.04(-.17, .08)",-0.042564833109829406,-0.16526839298867252,0.08143635864575045
mental status,octo,b1,male,aehplus,grip,clock,139," .68( .47), $p$=.15  ",0.676,0.468,0.149," .26( .17), $p$=.14  ",0.258,0.172,0.135,"(-.08, .60)",-0.07911999999999997,0.59512," .26( .10, .41)",0.2576716538010336,0.09525764092009228,0.40672301164701424," .01( .02), $p$=.48  "," .30( .42), $p$=.48  ",0.299,0.423,0.479,"(-.53,1.13)",-0.5300799999999999,1.12808," .31( .15, .45)",0.30779350562554625,0.14892477525351824,0.45117267572547576," .29( .22), $p$=.19  ",0.294,0.223,0.186," .14( .10), $p$=.14  ",0.14,0.096,0.144,"(-.05, .33)",-0.04815999999999998,0.32816," .14(-.03, .30)",0.13976489514072496,-0.02737290636515762,0.2993006859662193
mental status,nuage,b1,male,aehplus,grip,mmms,847,"5.49(2.04), $p$=.01 **",5.492,2.035,0.007," .13( .05), $p$=.01 **",0.13,0.048,0.007,"( .04, .22)",0.03592000000000001,0.22408," .13( .06, .20)",0.1302024903239225,0.06339594837768628,0.19584733101726087," .33( .23), $p$=.16  "," .28( .21), $p$=.19  ",0.28,0.215,0.193,"(-.14, .70)",-0.14139999999999997,0.7014," .28( .22, .34)",0.27955754827019796,0.21626766598031516,0.3405077761025656,"-.71( .47), $p$=.13  ",-0.711,0.47,0.13,"-.04( .02), $p$=.13  ",-0.035,0.023,0.132,"(-.08, .01)",-0.08008,0.010079999999999992,"-.04(-.10, .03)",-0.035265127323439456,-0.10238448143047874,0.03217387685563597
mental status,eas,b1,male,aehplus,grip,mmse,222,"-.10(3.04), $p$=.97  ",-0.097,3.04,0.975,"-.02( .50), $p$=.97  ",-0.016,0.503,0.975,"(-1.00, .97)",-1.0018799999999999,0.96988,"-.02(-.15, .12)",-0.016053105337536937,-0.14741460859353822,0.11586490820580934,"-.03( .18), $p$=.86  ","-.33(2.08), $p$=.88  ",-0.326,2.084,0.876,"(-4.41,3.76)",-4.41064,3.75864,"-.33(-.44,-.20)",-0.32673480024541235,-0.43949966698921117,-0.20383095040085136," .34( .49), $p$=.50  ",0.337,0.495,0.496," .09( .13), $p$=.50  ",0.086,0.127,0.499,"(-.16, .33)",-0.16292,0.33492," .09(-.05, .22)",0.08598834584778275,-0.04620793940235523,0.2152245997885492
mental status,map,b1,male,aehplus,grip,mmse,321,"4.00(2.30), $p$=.08 .",3.995,2.298,0.082," .17( .07), $p$=.01 *",0.172,0.07,0.014,"( .03, .31)",0.03479999999999997,0.30920000000000003," .17( .06, .28)",0.17229384744440085,0.06403267557760757,0.27654682926707813," .30( .17), $p$=.08 ."," .69( .23), $p$<.01 **",0.691,0.233,0.003,"( .23,1.15)",0.23431999999999992,1.14768," .69( .63, .75)",0.6925567271938684,0.6309200467484521,0.7455062378172236," .01( .41), $p$=.98  ",0.011,0.412,0.979," .00( .05), $p$=.98  ",0.001,0.052,0.979,"(-.10, .10)",-0.10092,0.10292," .00(-.11, .11)",0.001392847503804046,-0.10809251402209127,0.11084482689653943
mental status,nuage,b1,male,aehplus,grip,mmse,847,"2.28( .74), $p$<.01 **",2.279,0.737,0.002," .18( .06), $p$<.01 **",0.182,0.058,0.002,"( .07, .30)",0.06831999999999999,0.29568," .18( .12, .25)",0.18180049613656601,0.1158567682246476,0.24614859872423756," .13( .11), $p$=.23  "," .30( .25), $p$=.23  ",0.299,0.251,0.234,"(-.19, .79)",-0.19296000000000002,0.79096," .30( .24, .36)",0.29877685605432425,0.23616747844731814,0.3589157554473885," .02( .22), $p$=.92  ",0.021,0.219,0.924," .00( .03), $p$=.92  ",0.003,0.027,0.924,"(-.05, .06)",-0.04992,0.055920000000000004," .00(-.06, .07)",0.002561369521081591,-0.06481238677134181,0.0699118804287981
mental status,octo,b1,male,aehplus,grip,mmse,140,"1.14( .63), $p$=.07 .",1.14,0.632,0.071," .32( .18), $p$=.07 .",0.318,0.179,0.075,"(-.03, .67)",-0.03283999999999998,0.66884," .32( .16, .46)",0.31841011625641086,0.1610123589618977,0.46001307608258474,"-.01( .02), $p$=.74  ","-.11( .34), $p$=.75  ",-0.111,0.343,0.747,"(-.78, .56)",-0.78328,0.56128,"-.12(-.28, .05)",-0.11650622710568241,-0.2770543885605823,0.05037065619245394," .50( .26), $p$=.06 .",0.504,0.262,0.055," .15( .08), $p$=.06 .",0.152,0.08,0.056,"(-.00, .31)",-0.004799999999999999,0.30879999999999996," .15(-.01, .31)",0.15230042276139277,-0.013955472827981584,0.31036174975182457
mental status,satsa,b1,male,aehplus,grip,mmse,299,"2.17(1.12), $p$=.05 .",2.173,1.118,0.052," .27( .13), $p$=.04 *",0.267,0.129,0.038,"( .01, .52)",0.014160000000000006,0.5198400000000001," .27( .16, .37)",0.2672857450015897,0.1586659059812884,0.3695130552516657," .01( .01), $p$=.31  "," .34( .30), $p$=.27  ",0.335,0.303,0.268,"(-.26, .93)",-0.25887999999999994,0.9288799999999999," .33( .23, .43)",0.3339135484518728,0.22916298682316022,0.43101864127554723,"1.04( .41), $p$=.01 *",1.044,0.408,0.011," .13( .05), $p$=.01 **",0.129,0.048,0.008,"( .03, .22)",0.03492000000000001,0.22308," .13( .02, .24)",0.1289503814953042,0.01575044055355144,0.23888653683254277
perceptual speed,lasa,b1,male,aehplus,grip,letter,800,"3.28(1.69), $p$=.05 .",3.276,1.693,0.053," .10( .05), $p$=.05 *",0.101,0.051,0.047,"( .00, .20)",0.0010400000000000131,0.20096," .10( .03, .17)",0.10063475263887615,0.03154060173059524,0.1687716601954122," .03( .02), $p$=.09 ."," .61( .41), $p$=.13  ",0.612,0.406,0.132,"(-.18,1.41)",-0.18376000000000003,1.4077600000000001," .60( .55, .64)",0.6,0.5537139715295684,0.642589815795792," .96( .39), $p$=.01 *",0.963,0.393,0.014," .09( .03), $p$=.01 *",0.087,0.034,0.011,"( .02, .15)",0.02035999999999999,0.15364," .09( .02, .16)",0.08746044238846898,0.01825696095505902,0.1558299225391519
perceptual speed,map,b1,male,aehplus,grip,num_comp,321,"3.24(5.94), $p$=.58  ",3.242,5.943,0.585," .04( .07), $p$=.58  ",0.037,0.068,0.583,"(-.10, .17)",-0.09628,0.17028000000000001," .04(-.07, .15)",0.03704764960147249,-0.07271613567954481,0.1459247227309609,"-.18( .31), $p$=.56  ","-.21( .35), $p$=.54  ",-0.211,0.348,0.545,"(-.89, .47)",-0.8930799999999999,0.47107999999999994,"-.21(-.31,-.10)",-0.21079380745386142,-0.31303919497335103,-0.10371826365466602," .67( .92), $p$=.47  ",0.669,0.925,0.47," .03( .04), $p$=.47  ",0.032,0.044,0.466,"(-.05, .12)",-0.05424,0.11824," .03(-.08, .14)",0.03175265736078786,-0.07798730115769482,0.14073236211093876
perceptual speed,octo,b1,male,aehplus,grip,psif,138," .61( .90), $p$=.50  ",0.612,0.903,0.498," .11( .17), $p$=.49  ",0.114,0.166,0.495,"(-.21, .44)",-0.21136000000000005,0.43936000000000003," .11(-.05, .28)",0.11363979066695584,-0.05449998785484369,0.2755127077364195,"-.00( .03), $p$=.90  ","-.08( .64), $p$=.90  ",-0.08,0.635,0.9,"(-1.32,1.16)",-1.3246,1.1645999999999999,"-.08(-.24, .09)",-0.0754314286404714,-0.2395171621158276,0.09284369905902087," .31( .32), $p$=.33  ",0.308,0.318,0.333," .12( .12), $p$=.32  ",0.122,0.123,0.322,"(-.12, .36)",-0.11907999999999999,0.36307999999999996," .12(-.05, .28)",0.12226063685675675,-0.045779490782164624,0.28357200030768437
perceptual speed,eas,b1,male,aehplus,grip,symbol,221,"-6.69(18.32), $p$=.71  ",-6.694,18.321,0.715,"-.11( .29), $p$=.71  ",-0.108,0.289,0.707,"(-.67, .46)",-0.6744399999999999,0.45843999999999996,"-.11(-.24, .02)",-0.10839121084535243,-0.23697267846105247,0.023922234168673444,"2.09(1.20), $p$=.08 ."," .92( .50), $p$=.07 .",0.925,0.504,0.066,"(-.06,1.91)",-0.0628399999999999,1.91284," .93( .90, .94)",0.9253243642090075,0.9037108625822886,0.9422336134288434," .43(2.60), $p$=.87  ",0.431,2.601,0.868," .02( .12), $p$=.87  ",0.021,0.125,0.868,"(-.22, .27)",-0.224,0.266," .02(-.11, .15)",0.020788443287270517,-0.1114886721548842,0.15234174609193296
perceptual speed,ilse,b1,male,aehplus,grip,symbol,252,"-14.22(16.99), $p$=.40  ",-14.218,16.993,0.403,"-.08( .10), $p$=.41  ",-0.08,0.096,0.406,"(-.27, .11)",-0.26816,0.10815999999999999,"-.08(-.20, .04)",-0.08013843619840162,-0.20171372641778876,0.04386884218672779,"-.04( .20), $p$=.85  ","-.07( .36), $p$=.85  ",-0.068,0.356,0.848,"(-.77, .63)",-0.76576,0.6297599999999999,"-.07(-.19, .06)",-0.06734623601140052,-0.1893433373911825,0.05669846614781281,"3.40(4.14), $p$=.41  ",3.395,4.136,0.412," .06( .08), $p$=.40  ",0.065,0.078,0.404,"(-.09, .22)",-0.08787999999999999,0.21788," .07(-.06, .19)",0.06526368086384446,-0.05878324345128589,0.18732578046603518
perceptual speed,map,b1,male,aehplus,grip,symbol,321,"16.04(9.44), $p$=.09 .",16.036,9.439,0.089," .13( .07), $p$=.07 .",0.129,0.071,0.072,"(-.01, .27)",-0.010159999999999975,0.26815999999999995," .13( .02, .23)",0.1287425998685086,0.019549232947904907,0.2349009486765793," .60( .42), $p$=.16  "," .49( .32), $p$=.13  ",0.489,0.322,0.129,"(-.14,1.12)",-0.14212000000000002,1.12012," .49( .40, .57)",0.4894838191996928,0.4015302319499453,0.5684911011865096,"-.24(1.11), $p$=.83  ",-0.236,1.113,0.832,"-.01( .04), $p$=.83  ",-0.009,0.044,0.832,"(-.10, .08)",-0.09523999999999999,0.07724,"-.01(-.12, .10)",-0.009278678922844272,-0.1186270665434429,0.10029207068698584
perceptual speed,octo,b1,male,aehplus,grip,symbol,138,"4.32(1.92), $p$=.02 *",4.321,1.919,0.024," .24( .10), $p$=.02 *",0.238,0.1,0.017,"( .04, .43)",0.04199999999999998,0.434," .24( .07, .39)",0.23803276115913202,0.07386605177764292,0.3896391455290663,"-.01( .06), $p$=.86  ","-.08( .47), $p$=.87  ",-0.077,0.466,0.869,"(-.99, .84)",-0.99036,0.8363600000000001,"-.08(-.24, .09)",-0.0789672569132238,-0.24286726341149142,0.08931617937629119," .76( .41), $p$=.06 .",0.763,0.409,0.062," .15( .08), $p$=.05 .",0.148,0.076,0.053,"(-.00, .30)",-9.599999999999886e-4,0.29696," .15(-.02, .31)",0.14778233869361415,-0.01981175227804171,0.307298397540935
perceptual speed,satsa,b1,male,aehplus,grip,symbol,299,"15.98(4.96), $p$<.01 ***",15.976,4.956,0.001," .32( .09), $p$<.01 ***",0.318,0.09,0.0,"( .14, .49)",0.1416,0.4944," .32( .21, .42)",0.3182765178425455,0.21251858718388003,0.416664336302129," .00( .02), $p$=.92  "," .04( .44), $p$=.92  ",0.044,0.437,0.919,"(-.81, .90)",-0.8125199999999999,0.90052," .04(-.07, .16)",0.04324387500644106,-0.07053241905587285,0.15590943405079213,"4.53(1.42), $p$<.01 ***",4.53,1.416,0.001," .16( .05), $p$<.01 ***",0.159,0.049,0.001,"( .06, .26)",0.06296,0.25504," .15( .03, .25)",0.1455854144330786,0.032695012544685,0.2548078886498016
semantic memory,eas,b1,male,aehplus,grip,bnt,222,"-1.25(4.34), $p$=.77  ",-1.251,4.34,0.773,"-.11( .38), $p$=.77  ",-0.112,0.385,0.771,"(-.87, .64)",-0.8666,0.6426000000000001,"-.11(-.24, .02)",-0.11203134642089756,-0.24016170018433364,0.0199358401045872,"-.02( .20), $p$=.91  ","-.18(1.82), $p$=.92  ",-0.184,1.822,0.919,"(-3.76,3.39)",-3.7551200000000002,3.38712,"-.18(-.30,-.05)",-0.17912245114023512,-0.3036341573376428,-0.04859550298652309,"-.29( .63), $p$=.65  ",-0.291,0.633,0.646,"-.06( .12), $p$=.64  ",-0.056,0.12,0.642,"(-.29, .18)",-0.2912,0.1792,"-.06(-.19, .08)",-0.055531433847485594,-0.18584563396136292,0.07670251734873904
semantic memory,map,b1,male,aehplus,grip,bnt,321,"2.95(1.26), $p$=.02 *",2.948,1.262,0.019," .19( .05), $p$<.01 ***",0.193,0.053,0.0,"( .09, .30)",0.08912,0.29688000000000003," .19( .09, .30)",0.1931520819611311,0.08549083197725155,0.2963547943529016," .05( .03), $p$=.05 *"," .73( .18), $p$<.01 ***",0.726,0.181,0.0,"( .37,1.08)",0.37124,1.08076," .77( .72, .81)",0.7727697877610933,0.724597701818715,0.8134273931731693," .12( .15), $p$=.42  ",0.12,0.149,0.421," .03( .04), $p$=.42  ",0.034,0.043,0.421,"(-.05, .12)",-0.05027999999999999,0.11828," .03(-.08, .14)",0.034326573214189235,-0.07542573371346335,0.14325713736858212
semantic memory,octo,b1,male,aehplus,grip,information,140," .70(1.63), $p$=.67  ",0.705,1.63,0.666," .05( .11), $p$=.66  ",0.047,0.109,0.663,"(-.17, .26)",-0.16664,0.26064," .05(-.12, .21)",0.04740116187941829,-0.1194414070393408,0.2116401030662848,"-.06( .05), $p$=.17  ","-.46( .32), $p$=.16  ",-0.456,0.322,0.157,"(-1.09, .18)",-1.08712,0.17512,"-.45(-.58,-.31)",-0.4543122239999573,-0.5767451347588717,-0.31191885654721363," .77( .37), $p$=.04 *",0.768,0.374,0.04," .18( .08), $p$=.03 *",0.182,0.085,0.031,"( .02, .35)",0.015399999999999997,0.3486," .18( .02, .34)",0.182196473788018,0.016801037932944515,0.33788646283731866
semantic memory,satsa,b1,male,aehplus,grip,information,410,"2.57(2.39), $p$=.28  ",2.566,2.388,0.283," .10( .10), $p$=.28  ",0.102,0.095,0.282,"(-.08, .29)",-0.08420000000000001,0.2882," .10( .01, .20)",0.10237231240424208,0.005580336091744542,0.19726384595055838," .03( .01), $p$=.03 *"," .65( .25), $p$=.01 **",0.648,0.251,0.01,"( .16,1.14)",0.15604,1.13996," .64( .58, .69)",0.6364279252597305,0.5750229242367692,0.6907028410158058," .85( .57), $p$=.14  ",0.849,0.571,0.137," .05( .04), $p$=.13  ",0.054,0.036,0.134,"(-.02, .12)",-0.01656,0.12456," .05(-.04, .15)",0.05403774122689515,-0.04303477985339152,0.15009951147820874
semantic memory,map,b1,male,aehplus,grip,nart,321,"3.38(1.83), $p$=.06 .",3.376,1.827,0.065," .12( .06), $p$=.06 .",0.121,0.064,0.057,"(-.00, .25)",-0.0044399999999999995,0.24644," .12( .01, .23)",0.12120052869345188,0.01188939314374571,0.2276490330534985," .08( .07), $p$=.23  "," .38( .33), $p$=.25  ",0.375,0.328,0.253,"(-.27,1.02)",-0.26788,1.01788," .38( .28, .47)",0.37799328017919476,0.2801151447271601,0.4680931668299027,"-.14( .27), $p$=.60  ",-0.143,0.27,0.598,"-.03( .06), $p$=.59  ",-0.029,0.055,0.593,"(-.14, .08)",-0.1368,0.0788,"-.03(-.14, .08)",-0.029230000959319238,-0.1382564915150443,0.08049644989358297
semantic memory,octo,b1,male,aehplus,grip,synonyms,139," .85(1.05), $p$=.42  ",0.849,1.047,0.418," .08( .10), $p$=.41  ",0.083,0.102,0.413,"(-.12, .28)",-0.11691999999999998,0.28292," .08(-.08, .25)",0.08339837860566275,-0.084272629966605,0.24647663680094928,"-.01( .03), $p$=.84  ","-.14( .72), $p$=.85  ",-0.138,0.721,0.848,"(-1.55,1.28)",-1.5511599999999999,1.27516,"-.14(-.30, .02)",-0.14484136487558028,-0.3040105908653377,0.022194694387177232," .45( .26), $p$=.08 .",0.453,0.259,0.08," .15( .08), $p$=.06 .",0.153,0.082,0.063,"(-.01, .31)",-0.007720000000000005,0.31372," .15(-.01, .31)",0.15341273108580683,-0.01343115294954976,0.31194540977883817
semantic memory,satsa,b1,male,aehplus,grip,synonyms,299,"5.13(2.75), $p$=.06 .",5.132,2.745,0.062," .19( .10), $p$=.05 .",0.19,0.098,0.053,"(-.00, .38)",-0.0020799999999999985,0.38208," .19( .08, .30)",0.19037116059326598,0.07863895860359688,0.29737990090140326,"-.01( .01), $p$=.37  ","-.42( .51), $p$=.41  ",-0.416,0.51,0.415,"(-1.42, .58)",-1.4156,0.5836000000000001,"-.39(-.48,-.29)",-0.3913118960624632,-0.48329057503553285,-0.290788707154436," .15( .55), $p$=.79  ",0.148,0.554,0.79," .01( .05), $p$=.79  ",0.012,0.047,0.79,"(-.08, .10)",-0.08012,0.10411999999999999," .01(-.10, .13)",0.012528823631865003,-0.10104509725000983,0.1257803918138813
semantic memory,ilse,b1,male,aehplus,grip,waisgeneral,252,"7.82(6.86), $p$=.26  ",7.82,6.863,0.255," .12( .11), $p$=.25  ",0.122,0.106,0.25,"(-.09, .33)",-0.08576,0.32976," .12(-.00, .24)",0.12238316327518545,-0.001207952983976684,0.24229177566102647," .01( .06), $p$=.82  "," .23(1.11), $p$=.83  ",0.232,1.109,0.834,"(-1.94,2.41)",-1.9416399999999998,2.40564," .22( .10, .34)",0.22271770159368695,0.10195072720592016,0.33701526258135395,"-.87(1.91), $p$=.65  ",-0.871,1.913,0.649,"-.04( .08), $p$=.65  ",-0.038,0.083,0.646,"(-.20, .12)",-0.20068000000000003,0.12468000000000001,"-.04(-.16, .09)",-0.03819085445957911,-0.16100386852592033,0.08578685204962908
semantic memory,eas,b1,male,aehplus,grip,waisvocab,222,"6.82(19.57), $p$=.73  ",6.824,19.565,0.727," .12( .34), $p$=.73  ",0.12,0.343,0.727,"(-.55, .79)",-0.55228,0.79228," .12(-.01, .25)",0.11958886623011308,-0.01227756684046307,0.24736677409854263,"-.01(1.25), $p$=.99  ","-.02(1.37), $p$=.99  ",-0.017,1.366,0.99,"(-2.69,2.66)",-2.69436,2.6603600000000003,"-.02(-.15, .12)",-0.016407823960755272,-0.14776169207399323,0.11551484497267439,"-3.58(4.03), $p$=.38  ",-3.576,4.034,0.375,"-.13( .14), $p$=.37  ",-0.131,0.145,0.366,"(-.42, .15)",-0.41519999999999996,0.15319999999999995,"-.13(-.26, .00)",-0.13098559935147167,-0.25820536179015835,6.995689925396093e-4
short-term memory,map,b1,male,aehplus,grip,bstory_im,321,"2.15(1.55), $p$=.17  ",2.154,1.555,0.166," .14( .10), $p$=.16  ",0.141,0.101,0.16,"(-.06, .34)",-0.05696000000000001,0.33896," .14( .03, .25)",0.14135859092869257,0.03239093992313567,0.24700522184365162,"-.00( .10), $p$=.96  ","-.03( .64), $p$=.96  ",-0.031,0.639,0.962,"(-1.28,1.22)",-1.28344,1.22144,"-.03(-.14, .08)",-0.0318956955580697,-0.1408727066632589,0.0778449872021867," .07( .37), $p$=.85  ",0.069,0.374,0.853," .01( .04), $p$=.85  ",0.008,0.044,0.853,"(-.08, .09)",-0.07824,0.09423999999999999," .01(-.10, .12)",0.00812815148072206,-0.10143098002695689,0.11749248934233268
short-term memory,eas,b1,male,aehplus,grip,digit_tot,222," .85(4.79), $p$=.86  ",0.855,4.79,0.858," .04( .25), $p$=.86  ",0.044,0.25,0.859,"(-.45, .53)",-0.446,0.534," .04(-.09, .18)",0.04440064859944139,-0.08778568176037962,0.1750503420095171," .10( .33), $p$=.75  "," .28( .90), $p$=.75  ",0.282,0.9,0.754,"(-1.48,2.05)",-1.482,2.046," .28( .15, .40)",0.2806122780252529,0.1546534806090133,0.39759462153136627," .14( .77), $p$=.86  ",0.136,0.773,0.86," .02( .11), $p$=.86  ",0.02,0.111,0.86,"(-.20, .24)",-0.19756,0.23756," .02(-.11, .15)",0.019550402925737367,-0.11241207792014078,0.15083521620994994
short-term memory,satsa,b1,male,aehplus,grip,fig_mem,299,"4.79(2.55), $p$=.06 .",4.793,2.547,0.06," .24( .12), $p$=.04 *",0.237,0.116,0.042,"( .01, .46)",0.009639999999999982,0.46436," .24( .13, .34)",0.23651220233213072,0.12647490669783573,0.34079966723648863," .01( .01), $p$=.39  "," .50( .50), $p$=.32  ",0.496,0.505,0.325,"(-.49,1.49)",-0.4938,1.4858," .50( .41, .58)",0.4999999999999999,0.40981224649788567,0.580506785352014,"1.91( .81), $p$=.02 *",1.911,0.814,0.019," .12( .05), $p$=.02 *",0.117,0.049,0.016,"( .02, .21)",0.020960000000000006,0.21304," .12( .00, .23)",0.11743516278236786,0.0040589095367364715,0.22783061839380078
short-term memory,map,b1,male,aehplus,grip,logic_im,321,"-5.23(3.88), $p$=.18  ",-5.227,3.88,0.178,"-.12( .09), $p$=.17  ",-0.122,0.088,0.167,"(-.29, .05)",-0.29447999999999996,0.05048,"-.12(-.23,-.01)",-0.12158374843341534,-0.22801779468835115,-0.012278287696563557,"-.22( .17), $p$=.19  ","-.48( .38), $p$=.22  ",-0.477,0.385,0.216,"(-1.23, .28)",-1.2316,0.27760000000000007,"-.48(-.56,-.39)",-0.4783186742037645,-0.5585417447822341,-0.3892302846199069," .57( .67), $p$=.40  ",0.569,0.673,0.397," .04( .05), $p$=.40  ",0.04,0.047,0.4,"(-.05, .13)",-0.05211999999999999,0.13212," .04(-.07, .15)",0.039675977366258816,-0.07009735570108311,0.14849988037719938
short-term memory,octo,b1,male,aehplus,grip,prose_im,139,"2.38( .91), $p$=.01 **",2.38,0.906,0.009," .35( .11), $p$<.01 ***",0.352,0.106,0.001,"( .14, .56)",0.14423999999999998,0.55976," .35( .20, .49)",0.35228055898646526,0.19735564646182996,0.49003817832718477,"-.01( .05), $p$=.79  ","-.38(2.59), $p$=.88  ",-0.38,2.594,0.884,"(-5.46,4.70)",-5.464239999999999,4.7042399999999995,"-.37(-.51,-.22)",-0.3703280399090206,-0.5056504803948353,-0.21722106544139266," .35( .26), $p$=.19  ",0.348,0.265,0.189," .14( .10), $p$=.16  ",0.138,0.098,0.157,"(-.05, .33)",-0.05407999999999999,0.33008000000000004," .14(-.03, .30)",0.13808473601799232,-0.029084765711081973,0.29774013454812726
short-term memory,eas,b1,male,aehplus,grip,word_im,222,"-5.96(7.58), $p$=.43  ",-5.96,7.578,0.432,"-.26( .31), $p$=.41  ",-0.258,0.312,0.408,"(-.87, .35)",-0.86952,0.35351999999999995,"-.26(-.38,-.13)",-0.2576636715005983,-0.3765610463249018,-0.13041521472448983," .32( .50), $p$=.52  "," .39( .61), $p$=.53  ",0.388,0.615,0.528,"(-.82,1.59)",-0.8174,1.5934," .39( .27, .49)",0.3872430629457447,0.2693015083358811,0.49374058237944807,"1.04(1.72), $p$=.54  ",1.045,1.717,0.543," .07( .12), $p$=.54  ",0.074,0.122,0.543,"(-.17, .31)",-0.16512,0.31312," .07(-.06, .20)",0.0743375594003126,-0.05790230593795491,0.20401372330780387
short-term memory,elsa,b1,male,aehplus,grip,word_im,3043," .13( .23), $p$=.58  ",0.129,0.232,0.578," .02( .04), $p$=.58  ",0.021,0.038,0.577,"(-.05, .10)",-0.053479999999999986,0.09548," .02(-.01, .06)",0.02122714514441338,-0.0143163705738918,0.05671708330111803,"-.00( .00), $p$=.12  ","-.44( .34), $p$=.20  ",-0.44,0.34,0.196,"(-1.11, .23)",-1.1064,0.2264,"-.39(-.42,-.36)",-0.39043440472151514,-0.4201384592614508,-0.3598945750037931," .30( .12), $p$=.01 *",0.3,0.122,0.014," .06( .02), $p$=.01 *",0.059,0.024,0.013,"( .01, .11)",0.011959999999999998,0.10604," .06( .02, .09)",0.059481238639404674,0.023999244284223092,0.09481356480035513
short-term memory,hrs,b1,male,aehplus,grip,word_im,3290," .81( .20), $p$<.01 ***",0.808,0.199,0.0," .14( .03), $p$<.01 ***",0.139,0.034,0.0,"( .07, .21)",0.07236000000000001,0.20564000000000002," .14( .11, .17)",0.13917613600861725,0.10550523644072939,0.17252827252695824," .00( .00), $p$=.85  "," .08( .40), $p$=.84  ",0.078,0.396,0.845,"(-.70, .85)",-0.6981600000000001,0.85416," .08( .05, .12)",0.08219949365267865,0.048162095070949845,0.11604620729810439," .25( .10), $p$=.01 *",0.25,0.1,0.012," .06( .02), $p$=.01 *",0.057,0.022,0.011,"( .01, .10)",0.013880000000000003,0.10012," .06( .02, .09)",0.05702664232707868,0.022898581198971275,0.09102194780781522
short-term memory,lasa,b1,male,aehplus,grip,word_im,800,"1.76(1.54), $p$=.25  ",1.757,1.541,0.254," .07( .06), $p$=.25  ",0.074,0.064,0.249,"(-.05, .20)",-0.05144,0.19944," .07( .00, .14)",0.07417187255336204,0.004882816256549708,0.14275212055772704," .00( .01), $p$=.84  "," .16( .80), $p$=.84  ",0.164,0.795,0.836,"(-1.39,1.72)",-1.3942,1.7222," .17( .11, .24)",0.17320508075688773,0.10515334641065541,0.2396422004752092,"2.25( .53), $p$<.01 ***",2.248,0.531,0.0," .14( .03), $p$<.01 ***",0.137,0.031,0.0,"( .08, .20)",0.07624,0.19776000000000002," .14( .07, .20)",0.13668686322673937,0.0680171205753963,0.20406761788171607
short-term memory,map,b1,male,aehplus,grip,word_im,321,"-.25(3.08), $p$=.93  ",-0.254,3.085,0.934,"-.01( .08), $p$=.93  ",-0.007,0.083,0.934,"(-.17, .16)",-0.16968000000000003,0.15568,"-.01(-.12, .10)",-0.006830285455056356,-0.11621227339480453,0.10271539551294237,"-.13( .16), $p$=.41  ","-.34( .38), $p$=.38  ",-0.341,0.385,0.376,"(-1.10, .41)",-1.0956000000000001,0.4136,"-.34(-.43,-.24)",-0.33980041176603626,-0.433156907409742,-0.23923031812685083," .95( .68), $p$=.16  ",0.95,0.681,0.163," .07( .05), $p$=.16  ",0.068,0.048,0.16,"(-.03, .16)",-0.026079999999999992,0.16208," .07(-.04, .18)",0.06796169844501261,-0.04181829705114112,0.17612029812926042
verbal comprehension,map,b1,male,aehplus,grip,ideas,321,"1.04( .56), $p$=.06 .",1.044,0.562,0.063," .16( .05), $p$<.01 ***",0.159,0.046,0.001,"( .07, .25)",0.06884000000000001,0.24916," .16( .05, .26)",0.15926802738049353,0.05068279620348046,0.26413179812849885," .02( .04), $p$=.54  "," .10( .15), $p$=.51  ",0.101,0.155,0.514,"(-.20, .40)",-0.2028,0.40480000000000005," .10(-.01, .21)",0.10315617238032848,-0.006384807648734665,0.21025081828502976,"-.11( .08), $p$=.14  ",-0.112,0.076,0.138,"-.05( .03), $p$=.13  ",-0.046,0.03,0.127,"(-.10, .01)",-0.1048,0.012799999999999999,"-.05(-.15, .06)",-0.04598950626283218,-0.15467966419228832,0.06380057288837528
visual discrimination,map,b1,male,aehplus,grip,line,321,"1.74(2.12), $p$=.41  ",1.738,2.118,0.412," .06( .07), $p$=.41  ",0.056,0.067,0.407,"(-.08, .19)",-0.07532,0.18732," .06(-.05, .16)",0.05570556563837074,-0.05409317623777736,0.16417331281202777,"-.06( .14), $p$=.68  ","-.18( .42), $p$=.68  ",-0.176,0.422,0.678,"(-1.00, .65)",-1.00312,0.6511199999999999,"-.18(-.28,-.07)",-0.17521401499986797,-0.2793253013624888,-0.06703081811572034,"-.26( .51), $p$=.60  ",-0.265,0.507,0.601,"-.03( .05), $p$=.60  ",-0.026,0.049,0.6,"(-.12, .07)",-0.12204,0.07004,"-.03(-.13, .08)",-0.025761969932135295,-0.13485055358735873,0.08394364267550755
visual discrimination,ilse,b1,male,aehplus,grip,piccomp,252,"11.62(6.45), $p$=.07 .",11.619,6.445,0.071," .22( .12), $p$=.06 .",0.224,0.117,0.055,"(-.01, .45)",-0.005319999999999991,0.45332," .22( .10, .34)",0.2239252409797064,0.10320827735632454,0.33814135272923385," .08( .10), $p$=.43  "," .43( .48), $p$=.37  ",0.43,0.482,0.372,"(-.51,1.37)",-0.5147200000000001,1.37472," .43( .32, .52)",0.42712687843622554,0.3204687845437588,0.5230903459742526,"4.11(2.57), $p$=.11  ",4.113,2.567,0.109," .16( .09), $p$=.09 .",0.158,0.093,0.089,"(-.02, .34)",-0.024279999999999996,0.34028," .16( .04, .28)",0.15799307946038535,0.035105621393275784,0.276174001685267
working memory,map,b1,male,aehplus,grip,digit_b,321," .58(2.02), $p$=.77  ",0.583,2.018,0.773," .02( .09), $p$=.77  ",0.025,0.086,0.772,"(-.14, .19)",-0.14356,0.19355999999999998," .02(-.08, .13)",0.024808550282595047,-0.08489087360126242,0.1339137523917977," .01( .10), $p$=.95  "," .03( .44), $p$=.95  ",0.03,0.445,0.946,"(-.84, .90)",-0.8422,0.9022," .03(-.08, .14)",0.030964359049188237,-0.07877152786399988,0.1399588301665408," .91( .34), $p$=.01 **",0.909,0.338,0.007," .13( .05), $p$<.01 **",0.128,0.046,0.005,"( .04, .22)",0.03784000000000001,0.21816," .13( .02, .23)",0.12787986515158695,0.01867237696137916,0.2340720029171199
working memory,octo,b1,male,aehplus,grip,digit_b,139," .12( .23), $p$=.61  ",0.12,0.232,0.606," .06( .11), $p$=.61  ",0.056,0.108,0.607,"(-.16, .27)",-0.15568,0.26768000000000003," .06(-.11, .22)",0.05602047985132631,-0.11152053037244793,0.22046491076881145," .00( .01), $p$=.70  "," .20( .52), $p$=.71  ",0.195,0.52,0.708,"(-.82,1.21)",-0.8242,1.2142000000000002," .19( .03, .35)",0.19117977822546814,0.025490369676341253,0.3466462841969308,"-.16( .10), $p$=.10 .",-0.158,0.095,0.095,"-.13( .07), $p$=.08 .",-0.128,0.074,0.085,"(-.27, .02)",-0.27304,0.01704,"-.13(-.29, .04)",-0.12832324629243258,-0.2886566379480785,0.03901106872255
working memory,satsa,b1,male,aehplus,grip,digit_b,299,"1.36( .62), $p$=.03 *",1.36,0.619,0.028," .29( .13), $p$=.02 *",0.291,0.128,0.022,"( .04, .54)",0.04011999999999999,0.5418799999999999," .29( .18, .39)",0.29155654523682983,0.1842185820992762,0.3920221629116896," .00( .00), $p$=.75  "," .36(1.13), $p$=.75  ",0.357,1.128,0.752,"(-1.85,2.57)",-1.85388,2.5678799999999997,---,Inf,NaN,NaN,"-.11( .26), $p$=.67  ",-0.108,0.256,0.672,"-.02( .05), $p$=.67  ",-0.02,0.048,0.672,"(-.11, .07)",-0.11408,0.07408,"-.02(-.13, .10)",-0.018049233258674437,-0.1312109219551471,0.09557676474467243
working memory,map,b1,male,aehplus,grip,digit_o,321," .80(1.59), $p$=.61  ",0.8,1.588,0.614," .05( .10), $p$=.61  ",0.049,0.097,0.609,"(-.14, .24)",-0.14112000000000002,0.23912," .05(-.06, .16)",0.049404414028058494,-0.0603910760471003,0.158018690382708,"-.04( .08), $p$=.64  ","-.35( .78), $p$=.66  ",-0.348,0.783,0.657,"(-1.88,1.19)",-1.8826800000000001,1.18668,"-.35(-.44,-.25)",-0.34860701812323835,-0.4412375584054021,-0.2486261130692133," .00( .28), $p$=.99  ",0.003,0.28,0.99," .00( .04), $p$=.99  ",0.001,0.045,0.99,"(-.09, .09)",-0.0872,0.0892," .00(-.11, .11)",4.8511084687991035e-4,-0.10898955728020177,0.10994815238733331
